taxonomy	cpsnj01	cpsnj02	cpsnj03	cpsnj04	cpsnj08	cpsnj09	cpsnj10	cpsnj11	cpsnj13	cpsnj14	cpsnj15	cpsnj16	cpsnj19	cpsnj20	10_350	11_350	12_350	13_350	14_350	15_350	16_350	17_350	18_350	19_350	1_350	20_350	21_350	22_350	23_350	24_350	25_350	26_350	27_350	28_350	29_350	2_350	30_350	3_350	4_350	5_350	6_350	7_350	8_350	9_350	SNJ01_350	SNJ02_350	SNJ03_350	SNJ04_350	SNJ08_350	SNJ09_350	SNJ10_350	SNJ11_350	SNJ13_350	SNJ14_350	SNJ15_350	SNJ16_350	SNJ19_350	SNJ20_350
Root; d__Archaea; p__Aenigmatarchaeota	0.02	0.02	0.02	0.01	0.02	0.02	0.01	0.01	0.02	0.01	0.01	0.01	0.01	0.02	0.01	0.02	0.01	0.01	0.01	0.01	0.02	0.02	0.01	0.01	0.01	0.02	0.01	0.02	0.01	0.01	0.02	0.01	0.01	0.01	0.09	0.01	0.01	0.02	0.01	0.01	0.01	0.01	0.01	0.01	0.01	0.02	0.01	0.02	0.01	0.02	0.02	0.01	0.01	0.01	0.02	0.03	0.02	0.01
Root; d__Archaea; p__Altiarchaeota										0.0												0.0													0.01																							
Root; d__Archaea; p__Asgardarchaeota	0.02	0.01	0.02	0.02	0.02	0.03	0.03	0.02	0.02	0.02	0.02	0.02	0.02	0.02	0.02	0.02	0.02	0.02	0.01	0.02	0.02	0.02	0.01	0.01	0.02	0.02	0.01	0.02	0.02	0.02	0.01	0.02	0.02	0.02	0.02	0.03	0.02	0.02	0.02	0.03	0.02	0.02	0.02	0.02	0.01	0.01	0.02	0.02	0.02	0.02	0.01	0.02	0.02	0.03	0.02	0.01	0.02	0.02
Root; d__Archaea; p__B1Sed10-29									0.01																										0.01																		0.01					
Root; d__Archaea; p__Hadarchaeota																																			0.01																							
Root; d__Archaea; p__Halobacteriota	0.04	0.04	0.03	0.03	0.03	0.03	0.03	0.04	0.03	0.03	0.03	0.03	0.04	0.02	0.03	0.03	0.04	0.04	0.02	0.02	0.02	0.03	0.01	0.03	0.03	0.02	0.03	0.03	0.03	0.02	0.02	0.03	0.04	0.02	0.16	0.03	0.02	0.03	0.03	0.03	0.03	0.02	0.04	0.03	0.02	0.02	0.02	0.03	0.02	0.04	0.03	0.02	0.03	0.03	0.03	0.02	0.03	0.02
Root; d__Archaea; p__Hydrothermarchaeota																0.01						0.01			0.01																																	
Root; d__Archaea; p__Iainarchaeota	0.01	0.01		0.01	0.01	0.01	0.01	0.01	0.01	0.01	0.02	0.01		0.01		0.02	0.02	0.01			0.01	0.02	0.01		0.01	0.01	0.01	0.01	0.0				0.01	0.01	0.08	0.01			0.01	0.01	0.0	0.01	0.01	0.01		0.01		0.01	0.0	0.01		0.01	0.01	0.01	0.01	0.01		0.01
Root; d__Archaea; p__Methanobacteriota	0.0	0.01	0.0	0.01	0.01	0.01	0.01		0.01	0.01	0.01	0.0	0.0		0.01	0.01	0.01	0.02	0.01	0.01	0.02	0.01	0.01	0.01	0.01	0.01	0.02	0.01	0.01	0.01	0.02	0.0	0.01		0.15	0.01	0.01	0.02	0.01	0.01	0.01	0.01	0.02		0.01	0.0	0.01		0.01		0.01	0.0		0.0	0.01	0.0	0.0	0.01
Root; d__Archaea; p__Methanobacteriota_B	0.0				0.0			0.0		0.0		0.0	0.01							0.01	0.0	0.01								0.0			0.0							0.0	0.01	0.0	0.01											0.0				0.0
Root; d__Archaea; p__Micrarchaeota	0.04	0.03	0.05	0.04	0.04	0.03	0.02	0.03	0.04	0.05	0.04	0.04	0.03	0.03	0.04	0.03	0.05	0.05	0.04	0.04	0.04	0.05	0.04	0.03	0.05	0.04	0.04	0.03	0.04	0.03	0.04	0.04	0.04	0.03	0.06	0.04	0.03	0.04	0.04	0.04	0.03	0.04	0.07	0.03	0.03	0.02	0.03	0.03	0.04	0.03	0.03	0.04	0.03	0.03	0.05	0.03	0.04	0.02
Root; d__Archaea; p__Nanoarchaeota	0.06	0.12	0.09	0.08	0.06	0.09	0.09	0.06	0.08	0.09	0.12	0.07	0.1	0.07	0.1	0.14	0.16	0.15	0.07	0.07	0.09	0.17	0.09	0.07	0.1	0.13	0.09	0.08	0.07	0.06	0.08	0.07	0.1	0.08	0.86	0.07	0.06	0.12	0.08	0.1	0.1	0.05	0.09	0.08	0.06	0.09	0.08	0.09	0.07	0.08	0.07	0.08	0.07	0.07	0.09	0.07	0.08	0.07
Root; d__Archaea; p__Nanohaloarchaeota																	0.01				0.01			0.01															0.01																			
Root; d__Archaea; p__SpSt-1190																																			0.01																							
Root; d__Archaea; p__Thermoplasmatota	0.04	0.16	0.11	0.14	0.05	0.08	0.05	0.05	0.06	0.06	0.14	0.04	0.08	0.19	0.13	0.05	0.06	0.14	0.03	0.19	0.26	0.21	0.08	0.22	0.11	0.25	0.37	0.36	0.07	0.1	0.06	0.04	0.05	0.03	0.18	0.23	0.04	0.23	0.23	0.21	0.09	0.22	0.15	0.12	0.03	0.16	0.04	0.14	0.09	0.04	0.05	0.05	0.05	0.05	0.16	0.06	0.07	0.07
Root; d__Archaea; p__Thermoproteota	0.33	1.4	0.82	1.13	2.33	0.72	0.43	1.34	0.57	0.37	0.86	1.46	1.42	0.77	1.92	0.82	0.9	1.34	2.62	2.45	2.28	2.9	1.11	1.22	2.16	0.85	0.66	0.69	2.19	1.79	3.05	3.3	0.83	0.95	1.32	2.14	1.11	1.9	2.4	1.28	1.76	2.29	5.0	1.96	0.4	1.33	1.11	1.26	0.95	0.58	0.66	0.84	0.73	0.42	0.89	0.37	1.49	1.3
Root; d__Bacteria; p__4484-113		0.02		0.01	0.01		0.01	0.02	0.0		0.03	0.01		0.04			0.01		0.01							0.04		0.0	0.01			0.01	0.03	0.03	0.03		0.01									0.06	0.01	0.02	0.01	0.01	0.03	0.02		0.01	0.03	0.05	0.02	0.02
Root; d__Bacteria; p__AABM5-125-24										0.01						0.01	0.01							0.01		0.0		0.01					0.0		0.18																				0.01			
Root; d__Bacteria; p__ARS69				0.01	0.01	0.03	0.01	0.02	0.02	0.04	0.01				0.2	0.05	0.05	0.16	0.02	0.11	0.06	0.21	0.11	0.01	0.11	0.09	0.13	0.05	0.02		0.15	0.05	0.03			0.05		0.15	0.1	0.01	0.02	0.08	0.06	0.01								0.01		0.02	0.03			
Root; d__Bacteria; p__Acidobacteriota	17.94	22.9	27.01	23.7	23.9	27.74	22.54	28.87	24.0	24.2	22.01	23.12	26.45	19.51	26.4	25.05	23.01	22.16	17.96	22.46	25.54	22.22	25.05	20.66	20.2	26.95	23.13	23.7	19.68	21.17	23.78	21.42	20.65	19.27	19.33	24.56	21.92	25.37	25.44	25.49	24.97	25.65	22.25	22.33	18.72	22.7	28.03	22.51	24.86	24.04	24.23	28.38	19.5	23.16	23.13	19.37	27.0	22.77
Root; d__Bacteria; p__Actinomycetota	19.94	8.77	8.04	6.74	12.03	6.05	7.28	8.37	5.06	3.99	7.74	6.73	13.18	10.83	2.84	5.62	5.66	3.88	14.93	8.79	5.38	4.09	2.85	4.08	9.45	5.08	5.54	10.62	5.94	27.05	8.4	12.79	9.79	21.88	6.79	11.88	9.08	4.77	4.55	11.39	14.05	9.65	7.24	17.3	23.03	15.64	14.83	10.83	7.59	11.38	12.02	11.78	6.58	7.17	6.1	10.25	13.58	11.87
Root; d__Bacteria; p__Aquificota																					0.01	0.0								0.0									0.01		0.01																	
Root; d__Bacteria; p__Armatimonadota	0.21	0.49	0.29	0.39	0.22	0.17	0.14	0.15	0.17	0.15	0.31	0.17	0.39	0.39	0.12	0.13	0.17	0.14	0.15	0.18	0.21	0.18	0.1	0.27	0.15	0.29	0.33	0.2	0.28	0.29	0.19	0.27	0.32	0.28	0.96	0.2	0.29	0.12	0.17	0.2	0.28	0.17	0.15	0.26	0.39	0.59	0.35	0.35	0.2	0.18	0.28	0.21	0.1	0.15	0.25	0.2	0.29	0.29
Root; d__Bacteria; p__Bacillota	0.1	0.08	0.06	0.05	0.05	0.04	0.05	0.04	0.05	0.04	0.05	0.04	0.06	0.05	0.06	0.06	0.06	0.05	0.05	0.06	0.06	0.07	0.05	0.06	0.07	0.07	0.04	0.06	0.06	0.08	0.05	0.07	0.04	0.05	0.06	0.09	0.04	0.06	0.08	0.04	0.06	0.05	0.07	0.06	0.04	0.06	0.05	0.08	0.03	0.04	0.06	0.04	0.06	0.03	0.05	0.04	0.07	0.04
Root; d__Bacteria; p__Bacillota_A	0.12	0.18	0.15	0.16	0.16	0.19	0.15	0.13	0.14	0.17	0.21	0.12	0.18	0.18	0.21	0.21	0.19	0.21	0.16	0.18	0.23	0.19	0.17	0.18	0.19	0.23	0.2	0.18	0.16	0.14	0.19	0.17	0.25	0.12	0.37	0.2	0.16	0.23	0.23	0.16	0.17	0.21	0.22	0.16	0.1	0.15	0.14	0.15	0.13	0.11	0.13	0.15	0.15	0.13	0.18	0.09	0.15	0.11
Root; d__Bacteria; p__Bacillota_B	0.02	0.04	0.03	0.03	0.03	0.02	0.03	0.03	0.02	0.03	0.04	0.02	0.05	0.03	0.06	0.04	0.04	0.06	0.02	0.05	0.05	0.08	0.04	0.04	0.05	0.04	0.04	0.04	0.02	0.03	0.05	0.06	0.04	0.03	0.05	0.04	0.05	0.06	0.06	0.03	0.04	0.04	0.04	0.04	0.02	0.02	0.03	0.02	0.03	0.02	0.03	0.01	0.02	0.03	0.03	0.02	0.03	0.02
Root; d__Bacteria; p__Bacillota_C		0.01	0.01	0.01	0.01	0.01	0.01	0.01	0.01	0.01	0.0	0.02		0.01	0.01	0.01	0.01	0.01	0.01	0.01	0.02	0.02	0.01		0.01	0.01	0.02	0.01	0.01	0.01	0.01	0.01	0.01	0.01	0.02	0.01	0.01	0.01		0.01	0.01		0.01		0.0	0.01	0.01	0.01	0.0	0.01	0.01	0.01	0.01		0.01			0.01
Root; d__Bacteria; p__Bacillota_D		0.01		0.01	0.0		0.01			0.01		0.01	0.01	0.01	0.01			0.0	0.0	0.01	0.01	0.01	0.01	0.0		0.02		0.01			0.01				0.0		0.01	0.01	0.01		0.01	0.01	0.01	0.0											0.0		0.01	
Root; d__Bacteria; p__Bacillota_E	0.01	0.03	0.02	0.03	0.02	0.02	0.01	0.02	0.02	0.03	0.02	0.02	0.02	0.03	0.03	0.03	0.04	0.04	0.02	0.04	0.06	0.04	0.04	0.03	0.03	0.03	0.03	0.03	0.02	0.02	0.05	0.03	0.02	0.01	0.03	0.04	0.02	0.03	0.04	0.04	0.02	0.03	0.02	0.02	0.01	0.02	0.03	0.02	0.02	0.02	0.02	0.03	0.02	0.02	0.03	0.02	0.03	0.02
Root; d__Bacteria; p__Bacillota_F																																							0.01																			
Root; d__Bacteria; p__Bacillota_G	0.04	0.01	0.03	0.02	0.02	0.02	0.02	0.02	0.02	0.02	0.01	0.01	0.02	0.01	0.03	0.03	0.02	0.04	0.02	0.03	0.04	0.04	0.03	0.02	0.03	0.03	0.03	0.02	0.02	0.03	0.04	0.03	0.05	0.01	0.1	0.03	0.02	0.03	0.03	0.02	0.02	0.02	0.04	0.03	0.01	0.02	0.01	0.02	0.01	0.01	0.02	0.01	0.02	0.01	0.02	0.01	0.03	0.01
Root; d__Bacteria; p__Bacteroidota	4.63	4.24	2.73	4.59	2.52	2.99	4.12	3.13	3.54	3.54	4.11	3.33	2.86	2.75	1.07	2.07	1.96	1.76	3.19	1.5	1.42	1.06	2.31	1.46	1.95	2.52	2.88	1.31	5.33	0.85	1.13	1.8	3.38	2.19	1.78	1.87	2.18	2.1	2.39	2.2	1.66	1.3	1.96	1.89	6.36	4.71	3.6	5.13	5.16	4.88	5.47	4.94	5.67	4.29	4.45	6.1	4.11	5.76
Root; d__Bacteria; p__Bdellovibrionota	0.47	0.87	0.31	0.6	0.26	0.33	0.71	0.43	0.35	0.55	1.01	0.42	0.25	0.39	0.1	0.21	0.19	0.13	0.32	0.13	0.18	0.11	0.17	0.23	0.22	0.39	0.22	0.17	1.02	0.17	0.09	0.12	0.27	0.17	0.36	0.2	0.15	0.16	0.2	0.2	0.24	0.18	0.28	0.25	0.29	0.46	0.24	0.52	0.52	0.27	0.64	0.47	0.65	0.39	0.34	0.54	0.24	0.61
Root; d__Bacteria; p__Bipolaricaulota																										0.0		0.0	0.01	0.0																												
Root; d__Bacteria; p__CAKKQC01															0.01	0.01		0.01				0.02	0.02																				0.01															
Root; d__Bacteria; p__CSP1-3	0.01	0.03	0.02	0.03	0.02	0.01	0.01	0.01		0.0	0.06	0.01	0.04	0.03	0.06	0.03	0.02	0.03		0.01	0.06	0.11		0.1	0.01	0.02	0.03	0.03	0.02	0.04	0.03	0.05	0.01	0.01	0.04	0.03	0.04	0.01	0.01	0.02	0.03	0.02	0.02	0.01		0.03	0.03	0.03	0.01		0.01	0.01			0.08	0.03	0.04	0.01
Root; d__Bacteria; p__CSSED10-310	0.0	0.0	0.01	0.01	0.01	0.01	0.01	0.01		0.01		0.01			0.01	0.0	0.01	0.0	0.0	0.01	0.01	0.01	0.0		0.01	0.0	0.01	0.01	0.0	0.0	0.01	0.01		0.01		0.02	0.01	0.01	0.0		0.01	0.01	0.0	0.01		0.0	0.01		0.01	0.01	0.01	0.01		0.01		0.0	0.01	
Root; d__Bacteria; p__Calditrichota																0.01		0.01					0.0				0.01				0.0				0.01			0.0	0.01										0.01									
Root; d__Bacteria; p__Campylobacterota				0.01			0.0															0.0	0.01		0.0										0.0	0.01	0.0				0.0		0.0					0.0	0.01						0.01	0.01		0.0
Root; d__Bacteria; p__Chlamydiota	0.03	0.04	0.01	0.02	0.04	0.02	0.06	0.03	0.04	0.02	0.05	0.05	0.02	0.07	0.05	0.1	0.1	0.05	0.04	0.04	0.06	0.12	0.08	0.07	0.12	0.02	0.09	0.04	0.03	0.02	0.05	0.06	0.03	0.02	0.1	0.07	0.04	0.1	0.09	0.05	0.03	0.05	0.08	0.02	0.01	0.01	0.01	0.03	0.01	0.03	0.02	0.01	0.02	0.02	0.06	0.02	0.01	0.02
Root; d__Bacteria; p__Chloroflexota	4.51	5.89	4.42	4.57	5.03	2.19	2.27	2.73	3.22	2.34	4.18	2.81	7.28	5.49	3.82	5.61	6.23	6.04	5.36	5.2	4.8	6.42	4.06	6.4	6.67	4.65	4.89	5.86	2.99	7.36	6.21	5.51	6.24	6.23	9.19	5.41	6.16	3.58	3.71	4.38	5.58	4.76	4.36	5.96	3.19	5.97	5.0	4.9	3.33	3.27	3.2	2.85	2.33	3.18	5.81	3.42	5.96	3.66
Root; d__Bacteria; p__Cyanobacteriota	0.05	0.23	0.14	0.12	0.07	0.12	0.12	0.07	0.14	0.13	0.17	0.22	0.06	0.09	0.17	0.13	0.14	0.09	0.12	0.12	0.12	0.08	0.07	0.09	0.15	0.15	0.11	0.15	0.16	0.17	0.14	0.06	0.1	0.07	0.15	0.08	0.14	0.21	0.22	0.04	0.12	0.09	0.16	0.06	0.03	0.09	0.05	0.06	0.06	0.06	0.08	0.05	0.1	0.09	0.08	0.08	0.07	0.07
Root; d__Bacteria; p__Deinococcota	0.01	0.02		0.01							0.0	0.01	0.01	0.02			0.01			0.01					0.01	0.01	0.01	0.01	0.03		0.01			0.01	0.01							0.01		0.01	0.02	0.0	0.01	0.01			0.01				0.01	0.02		
Root; d__Bacteria; p__Dependentiae	0.03	0.02	0.01	0.01	0.03	0.03	0.04	0.03	0.04	0.02	0.03	0.07	0.01	0.04	0.06	0.06	0.05	0.06	0.02	0.06	0.06	0.11	0.02	0.02	0.09	0.01	0.02	0.02	0.02	0.01	0.06	0.04	0.02	0.01	0.08	0.06	0.02	0.12	0.13	0.03	0.03	0.07	0.05	0.01	0.01	0.02		0.01	0.01	0.04	0.01	0.01	0.03	0.01	0.05	0.02	0.01	0.01
Root; d__Bacteria; p__Desulfobacterota	0.07	0.11	0.16	0.11	0.14	0.15	0.12	0.11	0.13	0.17	0.16	0.14	0.13	0.07	0.24	0.25	0.25	0.27	0.11	0.19	0.24	0.29	0.2	0.21	0.2	0.19	0.17	0.18	0.1	0.12	0.23	0.16	0.22	0.12	1.38	0.13	0.14	0.17	0.19	0.14	0.14	0.16	0.23	0.14	0.05	0.09	0.1	0.11	0.1	0.08	0.12	0.1	0.11	0.1	0.16	0.09	0.13	0.08
Root; d__Bacteria; p__Desulfobacterota_B	0.92	1.43	2.39	2.23	2.53	4.49	3.57	2.92	3.77	3.42	2.22	2.19	2.28	1.72	6.4	3.93	3.52	4.25	1.29	3.52	4.07	4.89	3.93	4.03	3.42	2.76	2.8	3.14	1.74	2.18	3.71	2.48	1.97	1.45	2.03	2.48	2.91	4.17	4.07	2.5	2.55	3.05	3.97	2.97	0.36	0.97	1.87	1.94	2.02	2.67	1.83	1.92	1.71	2.28	2.47	1.16	1.62	1.12
Root; d__Bacteria; p__Desulfobacterota_C													0.0		0.02	0.07	0.12	0.02		0.01		0.0		0.02	0.01	0.02	0.01	0.02			0.02		0.05	0.01	0.15		0.01				0.01									0.01								
Root; d__Bacteria; p__Desulfobacterota_D		0.01	0.01	0.07	0.0				0.01	0.03		0.06	0.02	0.03	0.29	0.25	0.22	0.08	0.02	0.04	0.11	0.24	0.03	0.54	0.1	0.01	0.05	0.11	0.02	0.03	0.16	0.04	0.01		0.02	0.07	0.1	0.09	0.12	0.01	0.01	0.07	0.2	0.02				0.02		0.0			0.04	0.01	0.03			0.01
Root; d__Bacteria; p__Desulfobacterota_E				0.01	0.01				0.0					0.01	0.05	1.1	1.11	1.65		0.03	0.01	0.03	0.01	0.04	0.02	0.02	0.01	0.18			0.01	0.0	0.2		0.74		0.02	0.01	0.01		0.01	0.01	0.01	0.01				0.0		0.0								
Root; d__Bacteria; p__Desulfobacterota_F	0.03	0.09	0.09	0.07	0.08	0.08	0.06	0.05	0.06	0.09	0.06	0.08	0.11	0.05	0.22	0.24	0.25	0.61	0.16	0.64	0.17	0.2	0.15	1.48	0.35	0.24	0.55	0.44	0.08	0.13	0.57	0.2	0.49	0.08	0.56	0.33	0.29	0.12	0.1	0.05	0.18	0.24	0.09	0.05	0.01	0.05	0.05	0.07	0.05	0.09	0.04	0.04	0.04	0.1	0.09	0.04	0.06	0.04
Root; d__Bacteria; p__Desulfobacterota_G																0.01	0.01																		0.06								0.01															
Root; d__Bacteria; p__Dormibacterota	0.0	0.01		0.0	0.01	0.0	0.01	0.01	0.03		0.01			0.01		0.0	0.0	0.0			0.01	0.0		0.01		0.01				0.01	0.01		0.01		0.0	0.01		0.01		0.01					0.0	0.01			0.01	0.01			0.0		0.0		0.0	0.0
Root; d__Bacteria; p__Eisenbacteria	0.04	0.36	0.91	0.75	1.27	1.17	0.83	0.6	1.02	0.9	0.91	1.81	1.1	0.39	1.99	1.06	1.12	2.44	1.31	1.68	2.19	2.27	2.79	1.2	1.29	1.73	1.44	1.7	1.16	0.31	1.7	1.47	0.82	0.5	0.49	1.58	1.39	2.13	2.02	1.33	0.88	1.72	1.9	0.86	0.05	0.24	0.51	0.57	0.71	0.86	0.29	0.49	0.66	0.99	1.62	0.68	0.84	0.28
Root; d__Bacteria; p__Elusimicrobiota	0.12	0.24	0.2	0.24	0.26	0.2	0.3	0.22	0.27	0.3	0.34	0.23	0.16	0.24	0.22	0.26	0.25	0.23	0.38	0.29	0.27	0.2	0.25	0.22	0.29	0.43	0.3	0.22	0.22	0.07	0.1	0.09	0.19	0.21	0.37	0.22	0.12	0.27	0.3	0.2	0.22	0.19	0.22	0.12	0.11	0.23	0.08	0.22	0.27	0.17	0.19	0.17	0.27	0.38	0.26	0.21	0.17	0.16
Root; d__Bacteria; p__Eremiobacterota	0.02	0.05	0.02	0.01	0.01	0.03	0.02	0.02	0.01	0.02	0.03	0.02	0.01	0.05	0.01	0.02	0.02	0.02	0.03	0.03	0.02	0.02	0.01	0.03	0.01	0.04	0.03	0.03	0.03	0.01	0.01	0.01	0.02	0.02	0.03	0.03	0.01	0.01	0.01	0.04	0.04	0.02	0.02	0.03	0.01	0.02	0.01	0.02	0.02	0.01	0.02	0.01	0.04	0.02	0.02	0.01	0.01	0.01
Root; d__Bacteria; p__FCPU426																0.02	0.02					0.01																																				
Root; d__Bacteria; p__FEN-1099																																			0.01																							
Root; d__Bacteria; p__Fibrobacterota	0.05	0.03	0.0	0.03	0.0	0.01	0.0	0.01	0.01	0.01	0.02	0.01	0.01	0.02		0.01	0.01		0.03	0.02	0.01	0.0	0.01	0.02	0.02	0.03	0.03	0.01	0.11	0.01	0.0	0.01			0.29	0.01	0.01	0.02	0.03	0.01	0.03	0.02	0.01	0.01	0.02	0.05	0.01	0.03	0.01	0.0	0.01	0.01	0.03	0.01	0.01	0.03	0.02	0.03
Root; d__Bacteria; p__Gemmatimonadota	2.51	5.35	4.38	4.85	3.04	2.12	2.0	2.06	2.74	2.18	2.91	2.77	3.37	6.22	5.01	3.63	3.8	6.09	2.94	5.15	5.08	4.61	7.12	7.61	3.04	4.04	4.26	4.26	3.19	2.83	3.86	3.37	2.3	1.78	6.84	3.85	3.31	4.15	4.04	5.22	2.52	3.9	3.7	3.77	3.14	4.61	4.76	3.77	3.78	2.61	3.31	3.02	3.0	2.96	3.78	3.85	3.61	4.53
Root; d__Bacteria; p__Hydrogenedentota		0.01		0.01		0.01	0.03	0.01	0.02	0.04	0.05	0.02			0.04	0.03	0.04	0.11	0.01	0.01	0.02	0.1	0.13	0.03	0.06	0.04	0.05	0.01	0.01	0.01	0.05		0.05		0.14	0.01	0.02	0.06	0.06	0.01	0.02	0.01	0.01		0.01	0.01	0.01	0.01	0.02		0.02	0.01	0.03	0.02	0.03	0.01		0.01
Root; d__Bacteria; p__JABDJQ01								0.01							0.01	0.01		0.02		0.01	0.02	0.01	0.02		0.01	0.01		0.01			0.03	0.01	0.01					0.02	0.01		0.01	0.01	0.01											0.01	0.01			
Root; d__Bacteria; p__JACPWU01															0.01							0.01									0.01	0.01																0.01										
Root; d__Bacteria; p__KSB1				0.01				0.01		0.01			0.01	0.01	0.15	0.06	0.06	0.1	0.01	0.04	0.11	0.12	0.08	0.13	0.09	0.03	0.04	0.09	0.01	0.0	0.11	0.04	0.01		0.01	0.08	0.01	0.08	0.1	0.01	0.01	0.09	0.06	0.01				0.01	0.01					0.01	0.02		0.0	
Root; d__Bacteria; p__Krumholzibacteriota		0.08	0.18	0.14	0.25	0.24	0.2	0.15	0.23	0.25	0.13	0.27	0.14	0.06	0.63	0.39	0.36	0.64	0.38	0.62	0.89	0.35	0.68	0.23	0.41	0.42	0.39	0.45	0.25	0.07	0.5	0.34	0.27	0.04	0.08	0.53	0.31	0.97	0.91	0.63	0.09	0.65	0.81	0.27		0.03	0.11	0.1	0.19	0.16	0.1	0.1	0.18	0.22	0.31	0.09	0.13	0.02
Root; d__Bacteria; p__Latescibacterota				0.0	0.0			0.01		0.0					0.01	0.01	0.01	0.02	0.0		0.02	0.01	0.02	0.01	0.01	0.01	0.01	0.0		0.0	0.01	0.01	0.01		0.04	0.01	0.0	0.01	0.01			0.01	0.01				0.0	0.0				0.0					0.01	
Root; d__Bacteria; p__Margulisbacteria																																			0.01																							
Root; d__Bacteria; p__Marinisomatota		0.01							0.01	0.0	0.01				0.0									0.01	0.01			0.01	0.0	0.01	0.01				0.01				0.01		0.0					0.0		0.0				0.0		0.01				
Root; d__Bacteria; p__Methylomirabilota	0.64	1.75	2.89	2.08	3.1	6.31	4.13	3.87	5.06	3.74	2.09	2.57	2.94	2.01	5.95	3.8	3.49	4.4	1.22	4.72	5.0	5.25	3.41	3.55	4.46	3.19	2.66	4.33	2.0	2.89	4.44	4.21	2.27	1.97	2.43	3.54	3.6	5.06	4.74	4.15	3.49	5.4	4.93	4.18	0.54	0.87	2.26	2.17	1.88	2.43	1.63	2.1	1.65	2.0	2.64	0.98	2.35	1.02
Root; d__Bacteria; p__Moduliflexota															0.01																																											
Root; d__Bacteria; p__Myxococcota	3.44	4.19	5.79	4.51	4.52	4.04	3.89	4.03	4.57	4.28	4.45	4.55	4.24	3.44	3.0	3.88	3.7	3.35	3.74	3.62	3.44	2.71	4.37	3.64	3.48	4.47	4.47	3.83	4.16	2.78	3.11	3.44	5.3	4.25	3.81	3.32	4.04	3.07	3.01	2.34	3.65	2.9	3.33	2.63	2.99	3.44	2.98	3.54	4.27	3.99	3.15	4.03	5.87	4.97	4.98	5.3	3.06	3.68
Root; d__Bacteria; p__Myxococcota_A	0.05	0.26	1.11	0.73	1.09	1.05	0.62	0.9	1.3	1.54	0.73	1.01	0.47	0.25	2.35	1.87	1.91	2.6	0.34	1.52	2.09	2.0	1.58	1.36	1.89	1.51	1.73	1.86	0.46	0.48	2.05	1.3	0.94	0.15	1.19	0.75	0.78	2.09	2.04	0.58	0.5	1.28	1.53	0.33	0.03	0.07	0.94	0.58	1.01	0.48	0.55	0.55	0.76	1.0	1.31	0.57	0.45	0.17
Root; d__Bacteria; p__Nitrospinota	0.01				0.02				0.01	0.01	0.0		0.0	0.0	0.02	0.01	0.01	0.01	0.0	0.01	0.02	0.02	0.01	0.0	0.01	0.01	0.01	0.01		0.01	0.01	0.01	0.0	0.01	0.01	0.01	0.01	0.01	0.01	0.01	0.01	0.0	0.01	0.0		0.01	0.0						0.0	0.01				0.0
Root; d__Bacteria; p__Nitrospirota	0.12	0.91	1.03	1.32	1.15	1.3	1.34	1.12	1.71	1.36	1.03	1.27	0.92	1.35	1.3	1.27	1.13	1.14	0.43	0.85	1.5	2.27	1.11	1.37	0.79	1.01	0.68	0.35	1.19	0.7	1.16	0.89	0.71	0.29	1.41	0.77	0.87	0.83	0.88	0.34	0.51	0.99	0.81	0.45	0.1	0.5	0.46	0.87	0.56	0.52	0.39	0.51	0.58	0.95	0.9	0.48	0.43	0.54
Root; d__Bacteria; p__OLB16											0.0				0.01	0.0							0.0			0.01									0.02														0.0									
Root; d__Bacteria; p__Omnitrophota	0.02	0.13	0.05	0.09	0.07	0.11	0.06	0.08	0.11	0.08	0.18	0.12	0.04	0.11	0.13	0.25	0.26	0.13	0.08	0.13	0.23	0.39	0.08	0.15	0.09	0.13	0.13	0.11	0.12	0.03	0.06	0.04	0.08	0.03	0.64	0.13	0.05	0.11	0.12	0.09	0.11	0.08	0.13	0.06	0.03	0.13	0.03	0.1	0.09	0.04	0.07	0.06	0.06	0.1	0.25	0.08	0.03	0.05
Root; d__Bacteria; p__Patescibacteria	1.04	1.42	0.81	1.31	0.89	0.6	0.73	0.94	0.78	0.51	1.24	0.8	1.05	2.33	0.81	1.66	2.59	1.68	1.39	1.41	0.74	1.1	0.45	2.44	0.98	1.82	1.65	2.01	0.98	0.74	0.83	0.63	2.17	1.76	5.5	1.36	1.38	0.77	0.77	1.03	1.84	0.88	1.18	1.28	2.11	2.54	0.76	2.46	1.52	0.63	1.66	1.1	1.23	0.79	1.17	1.41	0.94	1.78
Root; d__Bacteria; p__Planctomycetota	5.86	4.38	7.35	5.83	6.6	6.74	7.72	6.83	7.01	9.56	7.11	7.9	5.71	3.85	8.24	6.26	6.36	6.85	6.51	7.31	8.92	7.98	10.18	5.41	9.18	7.75	7.15	6.38	6.92	4.49	7.02	6.45	6.5	5.46	7.2	7.49	5.68	9.53	9.46	7.17	7.06	7.73	8.49	6.12	4.82	4.43	6.11	5.41	6.24	4.49	5.14	6.0	7.4	7.2	6.97	5.03	6.17	4.6
Root; d__Bacteria; p__Poribacteria		0.01			0.01									0.0	0.01	0.01		0.01						0.0			0.0				0.0						0.01	0.01	0.01				0.01					0.01										
Root; d__Bacteria; p__Pseudomonadota	32.77	29.72	22.64	28.14	23.32	20.43	28.16	25.14	23.43	29.79	30.24	29.07	19.85	32.14	20.74	24.67	25.51	22.36	29.13	21.6	18.87	22.69	21.18	27.41	22.18	21.95	26.63	21.75	32.17	19.22	21.77	24.25	27.61	24.96	17.86	20.94	28.79	21.16	20.58	21.47	22.37	20.28	19.83	20.61	28.11	26.57	21.59	27.15	29.28	24.06	29.2	23.83	33.89	30.35	25.0	34.3	21.87	30.98
Root; d__Bacteria; p__SAR324																0.01	0.02					0.01													0.03				0.01																			
Root; d__Bacteria; p__Spirochaetota	0.01	0.01	0.02	0.02	0.02	0.01	0.01	0.01	0.01	0.02	0.02	0.01	0.01	0.01	0.02	0.03	0.06	0.02	0.01	0.02	0.03	0.04	0.03	0.02	0.02	0.03	0.02	0.02	0.05	0.01	0.03	0.01	0.08	0.01	0.08	0.01	0.02	0.03	0.02	0.01	0.01	0.02	0.04			0.02	0.01	0.01		0.01	0.01	0.01	0.01	0.01	0.02	0.01	0.01	0.01
Root; d__Bacteria; p__Sumerlaeota	0.02	0.04	0.03	0.05	0.02	0.02	0.04	0.03	0.04	0.05	0.05	0.07	0.04	0.04	0.02	0.04	0.06	0.03	0.03	0.03	0.03	0.04	0.06	0.03	0.05	0.05	0.04	0.03	0.06	0.01	0.05	0.01	0.11	0.05	0.27	0.01	0.02	0.04	0.03	0.02	0.03	0.02	0.04	0.02	0.04	0.04	0.03	0.04	0.03	0.03	0.04	0.03	0.05	0.05	0.03	0.04	0.02	0.02
Root; d__Bacteria; p__Synergistota		0.0									0.01		0.01		0.01	0.01		0.01			0.01	0.01	0.01	0.01		0.0	0.0					0.0					0.01	0.01	0.01				0.02				0.01	0.01							0.01			
Root; d__Bacteria; p__Tectomicrobia	0.15	0.03	0.16	0.06	0.4	0.2	0.15	0.13	0.17	0.11	0.09	0.16	0.37	0.04	0.41	0.27	0.26	0.27	0.27	0.3	0.29	0.38	0.18	0.1	0.46	0.07	0.08	0.15	0.03	0.21	0.31	0.3	0.13	0.28	0.05	0.24	0.28	0.41	0.4	0.17	0.23	0.2	0.64	0.22	0.01	0.02	0.1	0.09	0.07	0.08	0.06	0.04	0.06	0.07	0.12	0.02	0.11	0.03
Root; d__Bacteria; p__Thermosulfidibacterota					0.01																0.0														0.0		0.0						0.01	0.0			0.01											
Root; d__Bacteria; p__Thermotogota										0.01																																																
Root; d__Bacteria; p__UBA10199	0.03	0.03	0.11	0.04	0.05	0.18	0.13	0.03	0.23	0.13	0.05	0.28	0.03	0.01	0.21	0.04	0.04	0.07	0.01	0.03	0.11	0.13	0.11	0.02	0.08	0.03	0.03	0.02	0.02	0.01	0.07	0.07	0.02	0.01	0.05	0.06	0.02	0.05	0.04	0.01	0.01	0.05	0.04	0.01		0.01	0.04	0.04	0.02	0.14	0.02	0.01	0.04	0.06	0.1	0.08	0.05	0.01
Root; d__Bacteria; p__UBA8248																																																						0.0				
Root; d__Bacteria; p__UBP17	0.01	0.02	0.01	0.01	0.0	0.0	0.0	0.0	0.01	0.01	0.01		0.01	0.0	0.0	0.01	0.0	0.01	0.01	0.01	0.01	0.0		0.03	0.01	0.02	0.03	0.02		0.01		0.01	0.0	0.01		0.04		0.01	0.01	0.03	0.02	0.03	0.0	0.02	0.01	0.02	0.01	0.01	0.0	0.01	0.01	0.01		0.01	0.01	0.0	0.02	0.01
Root; d__Bacteria; p__Verrucomicrobiota	2.63	2.47	3.63	3.45	3.32	8.16	6.75	4.12	8.44	4.35	3.5	4.66	3.24	3.5	2.87	2.87	2.77	2.84	4.31	3.44	3.42	2.01	3.95	2.39	3.99	4.35	4.48	3.64	5.65	2.03	2.86	2.84	4.06	4.23	3.02	3.86	3.0	3.87	4.12	5.35	3.17	3.84	3.97	4.38	3.8	2.1	2.37	3.41	3.76	10.17	4.09	4.66	5.27	4.95	4.81	3.68	3.68	3.13
Root; d__Bacteria; p__WOR-3		0.01							0.01	0.01																0.01	0.01					0.01			0.01	0.01	0.01	0.01		0.01	0.01	0.01	0.01												0.01			
Root; d__Bacteria; p__Zixibacteria		0.01	0.01	0.0	0.01	0.02	0.0	0.01	0.01	0.01	0.02	0.01	0.01	0.01	0.05	0.09	0.08	0.06	0.01	0.02	0.03	0.13	0.05	0.16	0.03	0.04	0.05	0.05	0.01	0.01	0.03	0.02	0.02	0.01	0.13	0.02	0.03	0.05	0.05	0.01	0.01	0.03	0.04	0.01		0.01	0.01	0.01	0.01	0.01	0.01	0.01	0.01	0.02	0.03	0.01	0.02	0.0
unassigned	0.76	1.17	1.57	1.22	0.82	1.33	0.85	0.91	1.09	1.07	1.06	1.03	1.12	0.92	0.97	1.0	1.3	0.95	0.59	0.89	0.89	0.87	1.22	0.75	0.94	1.58	0.99	0.77	1.0	1.1	1.14	1.22	0.96	0.81	0.43	0.72	1.08	1.11	1.34	1.02	0.88	1.05	1.22	0.74	0.85	0.69	1.03	0.92	0.84	1.05	0.89	1.06	0.77	0.98	0.77	0.95	0.78	0.85
