95	d__Bacteria	p__Gemmatimonadota	c__Gemmatimonadetes	o__Gemmatimonadales	f__GWC2-71-9		
43	d__Bacteria	p__Methylomirabilota	c__Methylomirabilia	o__Rokubacteriales	f__CSP1-6	g__AR31	
116	d__Bacteria	p__Pseudomonadota	c__Alphaproteobacteria	o__Sphingomonadales	f__Sphingomonadaceae	g__Sphingomicrobium	
17	d__Bacteria	p__Gemmatimonadota	c__Gemmatimonadetes	o__Gemmatimonadales	f__GWC2-71-9	g__JABFSM01	
85	d__Bacteria	p__Nitrospirota	c__Nitrospiria	o__Nitrospirales	f__Nitrospiraceae	g__Nitrospira_C	
44	d__Bacteria	p__Acidobacteriota	c__Blastocatellia	o__UBA7656	f__UBA7656	g__JADGNW01	
166	d__Bacteria	p__Acidobacteriota	c__Blastocatellia	o__Pyrinomonadales	f__Pyrinomonadaceae	g__PSRF01	
12	d__Bacteria	p__Bacteroidota	c__Bacteroidia	o__Chitinophagales	f__Chitinophagaceae	g__Flavisolibacter	
164	d__Bacteria	p__Methylomirabilota	c__Methylomirabilia	o__Rokubacteriales	f__CSP1-6		
62	d__Bacteria	p__Acidobacteriota	c__Vicinamibacteria	o__Vicinamibacterales	f__UBA2999	g__2-02-FULL-65-29	
188	d__Bacteria	p__Acidobacteriota	c__Vicinamibacteria	o__Vicinamibacterales	f__UBA2999	g__JACCSI01	
2	d__Bacteria	p__Bacteroidota	c__Bacteroidia	o__Flavobacteriales	f__Weeksellaceae	g__Chryseobacterium	s__Chryseobacterium geocarposphaerae
93	d__Bacteria	p__Acidobacteriota	c__Vicinamibacteria	o__Vicinamibacterales	f__2-12-FULL-66-21	g__JACCXG01	
37	d__Bacteria	p__Acidobacteriota	c__Vicinamibacteria	o__Vicinamibacterales	f__UBA2999	g__VFZN01	
48	d__Bacteria	p__Pseudomonadota	c__Gammaproteobacteria	o__Burkholderiales	f__SG8-39	g__JAGVSZ01	
88	d__Bacteria	p__Acidobacteriota	c__Vicinamibacteria	o__Fen-336	f__Fen-336		
77	d__Bacteria	p__Pseudomonadota	c__Gammaproteobacteria	o__Steroidobacterales	f__Steroidobacteraceae		
12	d__Bacteria	p__Desulfobacterota_B	c__Binatia	o__UBA9968	f__UBA9968	g__WHTF01	
61	d__Bacteria	p__Actinomycetota	c__UBA4738	o__UBA4738	f__HRBIN12		
184	d__Bacteria	p__Acidobacteriota	c__Vicinamibacteria	o__Vicinamibacterales	f__2-12-FULL-66-21		
38	d__Bacteria	p__Gemmatimonadota	c__Gemmatimonadetes	o__Gemmatimonadales	f__Gemmatimonadaceae	g__JAJKIV01	
105	d__Bacteria	p__Pseudomonadota	c__Gammaproteobacteria	o__Burkholderiales	f__Burkholderiaceae_A		
107	d__Bacteria	p__Acidobacteriota	c__Vicinamibacteria	o__Vicinamibacterales	f__UBA2999	g__JAMQPK01	
38	d__Bacteria	p__Bacteroidota	c__Bacteroidia	o__Chitinophagales	f__Chitinophagaceae	g__JAFAEM01	
9	d__Bacteria	p__Gemmatimonadota	c__Gemmatimonadetes	o__Gemmatimonadales	f__Gemmatimonadaceae	g__AG11	
25	d__Bacteria	p__Acidobacteriota	c__Thermoanaerobaculia	o__Gp7-AA8	f__Gp7-AA8	g__QHVT01	
13	d__Bacteria	p__Bacteroidota	c__Bacteroidia	o__Chitinophagales	f__Chitinophagaceae	g__JJ008	
4	d__Bacteria	p__Pseudomonadota	c__Alphaproteobacteria	o__Rhizobiales	f__Aestuariivirgaceae	g__Nordella	
11	d__Bacteria	p__Pseudomonadota	c__Alphaproteobacteria	o__Rhizobiales	f__Aestuariivirgaceae	g__CABJBCQ01	
4	d__Bacteria	p__Pseudomonadota	c__Gammaproteobacteria	o__Burkholderiales	f__Casimicrobiaceae	g__PALSA-1005	
17	d__Bacteria	p__Actinomycetota	c__UBA4738	o__UBA4738	f__HRBIN12	g__JAJNBA01	
30	d__Bacteria	p__Pseudomonadota	c__Gammaproteobacteria	o__Steroidobacterales	f__Steroidobacteraceae	g__SCUD01	
57	d__Bacteria	p__Pseudomonadota	c__Gammaproteobacteria	o__Steroidobacterales	f__Steroidobacteraceae	g__RPQJ01	
10	d__Bacteria	p__Gemmatimonadota	c__Gemmatimonadetes	o__Gemmatimonadales	f__Gemmatimonadaceae	g__UBA4720	
194	d__Bacteria	p__Acidobacteriota	c__Vicinamibacteria	o__Vicinamibacterales	f__UBA2999		
13	d__Bacteria	p__Acidobacteriota	c__Blastocatellia	o__Pyrinomonadales	f__Pyrinomonadaceae		
3	d__Bacteria	p__Pseudomonadota	c__Alphaproteobacteria	o__Sphingomonadales	f__Sphingomonadaceae	g__Sphingobium	
40	d__Bacteria	p__Pseudomonadota	c__Gammaproteobacteria	o__Burkholderiales	f__Burkholderiaceae_A	g__JACCZX01	
89	d__Bacteria	p__Pseudomonadota	c__Gammaproteobacteria	o__Burkholderiales	f__SG8-39	g__SCGC-AG-212-J23	
29	d__Bacteria	p__Bacteroidota	c__Bacteroidia	o__Chitinophagales	f__Saprospiraceae	g__JADKGY01	
14	d__Bacteria	p__Desulfobacterota_B	c__Binatia	o__Bin18	f__Bin18	g__VGTJ01	
62	d__Bacteria	p__Chloroflexota	c__Anaerolineae	o__Anaerolineales	f__EnvOPS12	g__UBA12294	
22	d__Bacteria	p__Bacteroidota	c__Bacteroidia	o__Chitinophagales	f__Chitinophagaceae	g__Flavitalea	
3	d__Bacteria	p__Pseudomonadota	c__Alphaproteobacteria	o__Reyranellales	f__Reyranellaceae		
1	d__Bacteria	p__Pseudomonadota	c__Gammaproteobacteria	o__Burkholderiales	f__Burkholderiaceae	g__Noviherbaspirillum	
7	d__Bacteria	p__Pseudomonadota	c__Alphaproteobacteria	o__Rhizobiales	f__Xanthobacteraceae	g__Bradyrhizobium	
51	d__Archaea	p__Thermoproteota	c__Nitrososphaeria	o__Nitrososphaerales	f__Nitrososphaeraceae	g__TA-21	
1	d__Bacteria	p__Myxococcota	c__Polyangia	o__Polyangiales	f__JADJMO01		
17	d__Bacteria	p__Myxococcota	c__Myxococcia	o__Myxococcales	f__Myxococcaceae	g__RPRB01	
41	d__Bacteria	p__Pseudomonadota	c__Alphaproteobacteria	o__Reyranellales	f__Reyranellaceae	g__Reyranella	
3	d__Bacteria	p__Nitrospirota	c__Nitrospiria	o__Nitrospirales	f__Nitrospiraceae	g__Nitrospira_F	
17	d__Bacteria	p__Acidobacteriota	c__Blastocatellia	o__Pyrinomonadales	f__Pyrinomonadaceae	g__UBA11740	
25	d__Bacteria	p__Pseudomonadota	c__Alphaproteobacteria	o__Sphingomonadales	f__Sphingomonadaceae	g__Allosphingosinicella	
12	d__Bacteria	p__Chloroflexota	c__Chloroflexia	o__54-19	f__JADMIH01	g__JADMIH01	
84	d__Bacteria	p__Acidobacteriota	c__Polarisedimenticolia	o__Polarisedimenticolales	f__Polarisedimenticolaceae		
48	d__Bacteria	p__Pseudomonadota	c__Alphaproteobacteria	o__Rhizobiales	f__Xanthobacteraceae	g__Pseudolabrys	
21	d__Bacteria	p__Acidobacteriota	c__Terriglobia	o__VXMN01	f__VXMN01	g__VFZK01	
84	d__Bacteria	p__Acidobacteriota	c__Vicinamibacteria	o__Vicinamibacterales	f__UBA2999	g__12-FULL-67-14b	
1	d__Bacteria	p__Pseudomonadota	c__Gammaproteobacteria	o__Xanthomonadales	f__Xanthomonadaceae	g__Lysobacter	s__Lysobacter soli
37	d__Bacteria	p__Gemmatimonadota	c__Gemmatimonadetes	o__Gemmatimonadales	f__GWC2-71-9	g__JACDDX01	
5	d__Bacteria	p__Nitrospirota	c__Nitrospiria	o__Nitrospirales	f__Nitrospiraceae	g__Nitrospira_A	
57	d__Bacteria	p__Chloroflexota	c__Limnocylindria	o__QHBO01	f__QHBO01		
182	d__Bacteria	p__Acidobacteriota	c__Vicinamibacteria	o__Vicinamibacterales	f__SCN-69-37		
42	d__Bacteria	p__Acidobacteriota	c__Vicinamibacteria	o__Vicinamibacterales			
64	d__Bacteria	p__Eisenbacteria	c__RBG-16-71-46	o__RBG-16-71-46	f__RBG-16-71-46	g__WS-8	
65	d__Bacteria	p__Acidobacteriota	c__Blastocatellia	o__Pyrinomonadales	f__Pyrinomonadaceae	g__OLB17	
193	d__Bacteria	p__Acidobacteriota	c__Vicinamibacteria	o__Vicinamibacterales	f__UBA2999	g__Gp6-AA40	
35	d__Bacteria	p__Methylomirabilota	c__Methylomirabilia	o__Rokubacteriales	f__CSP1-6	g__AR5	
22	d__Bacteria	p__Eisenbacteria	c__RBG-16-71-46	o__RBG-16-71-46			
19	d__Bacteria	p__Acidobacteriota	c__UBA6911	o__UBA6911	f__UBA6911		
70	d__Bacteria	p__Bacteroidota	c__Bacteroidia	o__Cytophagales	f__Cyclobacteriaceae	g__Chryseolinea	
6	d__Bacteria	p__Pseudomonadota	c__Gammaproteobacteria	o__Burkholderiales	f__Casimicrobiaceae		
35	d__Bacteria	p__Acidobacteriota	c__Blastocatellia	o__RBC074	f__RBC074		
41	d__Bacteria	p__Bacteroidota	c__Bacteroidia	o__Chitinophagales	f__Chitinophagaceae	g__VBAS01	
16	d__Bacteria	p__Planctomycetota	c__B15-G4	o__B15-G4	f__B15-G4		
1	d__Bacteria	p__Pseudomonadota	c__Gammaproteobacteria	o__Steroidobacterales	f__Steroidobacteraceae	g__JAAYXG01	
21	d__Bacteria	p__Acidobacteriota	c__Vicinamibacteria	o__Vicinamibacterales	f__SCN-69-37	g__JADYYY01	
22	d__Bacteria	p__Pseudomonadota	c__Alphaproteobacteria	o__Dongiales	f__Dongiaceae	g__SYSU-D60009	
12	d__Bacteria	p__Eisenbacteria	c__RBG-16-71-46	o__JABDJR01	f__JABDJR01		
32	d__Bacteria	p__Pseudomonadota	c__Alphaproteobacteria	o__Micropepsales	f__Micropepsaceae	g__CAIYRG01	
17	d__Bacteria	p__Pseudomonadota	c__Gammaproteobacteria	o__Steroidobacterales			
56	d__Bacteria	p__Desulfobacterota_B	c__Binatia	o__DP-6	f__DP-6		
20	d__Bacteria	p__Myxococcota	c__Polyangia	o__Haliangiales	f__Haliangiaceae		
20	d__Bacteria	p__Acidobacteriota	c__Vicinamibacteria	o__Bin61	f__SMYC01		
16	d__Bacteria	p__Myxococcota_A	c__UBA9160	o__SZUA-336	f__SZUA-336		
6	d__Archaea	p__Thermoproteota	c__Nitrososphaeria	o__Nitrososphaerales	f__Nitrososphaeraceae	g__TA-21	s__TA-21 sp014523595
63	d__Bacteria	p__Gemmatimonadota	c__Gemmatimonadetes	o__Gemmatimonadales	f__GWC2-71-9	g__SZUA-320	
8	d__Bacteria	p__Pseudomonadota	c__Gammaproteobacteria	o__Burkholderiales	f__Usitatibacteraceae	g__Usitatibacter	
30	d__Bacteria	p__Gemmatimonadota	c__Gemmatimonadetes	o__Gemmatimonadales	f__GWC2-71-9	g__JAGGAG01	
23	d__Bacteria	p__Eisenbacteria	c__RBG-16-71-46	o__SZUA-252	f__SZUA-252	g__WS-9	
13	d__Bacteria	p__Myxococcota	c__Polyangia	o__Haliangiales	f__Haliangiaceae	g__JABFXX01	
17	d__Bacteria	p__Actinomycetota	c__Acidimicrobiia	o__Acidimicrobiales	f__Ilumatobacteraceae	g__Ilumatobacter	
25	d__Bacteria	p__Desulfobacterota_B	c__Binatia	o__UBA9968	f__UBA9968	g__DP-1	
35	d__Bacteria	p__Verrucomicrobiota	c__Verrucomicrobiae	o__Chthoniobacterales	f__UBA10450	g__Udaeobacter	
20	d__Bacteria	p__Pseudomonadota	c__Alphaproteobacteria	o__Rhizobiales	f__Xanthobacteraceae	g__PALSA-894	
99	d__Bacteria	p__Desulfobacterota_B	c__Binatia	o__UBA9968	f__UBA9968	g__DP-20	
56	d__Bacteria	p__Acidobacteriota	c__Terriglobia	o__20CM-2-55-15	f__20CM-2-55-15		
21	d__Bacteria	p__Acidobacteriota	c__Thermoanaerobaculia	o__UBA5066	f__Gp7-AA6	g__Gp7-AA6	
29	d__Bacteria	p__Methylomirabilota	c__Methylomirabilia	o__Rokubacteriales	f__CSP1-6	g__40CM-4-69-5	
41	d__Bacteria	p__Gemmatimonadota	c__Gemmatimonadetes	o__Gemmatimonadales	f__Gemmatimonadaceae		
66	d__Bacteria	p__Pseudomonadota	c__Gammaproteobacteria	o__Burkholderiales	f__SG8-41	g__SG8-41	
2	d__Bacteria	p__Verrucomicrobiota	c__Verrucomicrobiae	o__Pedosphaerales	f__UBA8199		
6	d__Bacteria	p__Desulfobacterota_B	c__Binatia	o__UBA12015	f__UBA12015	g__VGTG01	
9	d__Bacteria	p__Planctomycetota	c__Phycisphaerae	o__Tepidisphaerales	f__Tepidisphaeraceae		
8	d__Bacteria	p__UBA10199	c__UBA10199	o__DSSB01	f__DSSB01		
3	d__Bacteria	p__Acidobacteriota	c__Blastocatellia	o__UBA7656	f__UBA7656	g__UBA7656	
15	d__Bacteria	p__Verrucomicrobiota	c__Verrucomicrobiae	o__Pedosphaerales	f__JADJPG01		
5	d__Bacteria	p__Chloroflexota	c__Dehalococcoidia	o__WHTO01	f__WHTO01	g__WHTO01	
49	d__Bacteria	p__Acidobacteriota	c__Vicinamibacteria	o__Vicinamibacterales	f__2-12-FULL-66-21	g__JACDCA01	
33	d__Bacteria	p__Myxococcota_A	c__UBA9160	o__UBA9160	f__SMWR01		
1	d__Bacteria	p__Pseudomonadota	c__Gammaproteobacteria	o__Burkholderiales	f__Burkholderiaceae_B	g__Pseudorivibacter	
2	d__Bacteria	p__Myxococcota	c__UBA727	o__UBA727	f__G023898405	g__G023898405	
56	d__Bacteria	p__Gemmatimonadota	c__Gemmatimonadetes	o__JACCXV01	f__JAHWKZ01		
1	d__Bacteria	p__Actinomycetota	c__Acidimicrobiia	o__IMCC26256	f__VFJJ01		
5	d__Bacteria	p__Acidobacteriota	c__Vicinamibacteria	o__Vicinamibacterales	f__UBA2999	g__JAHFUI01	
12	d__Bacteria	p__Methylomirabilota	c__Methylomirabilia	o__Rokubacteriales	f__CSP1-6	g__JACQWC01	
5	d__Bacteria	p__Bacteroidota	c__Bacteroidia	o__Chitinophagales	f__Chitinophagaceae	g__UTBCD1	
30	d__Bacteria	p__Gemmatimonadota	c__Gemmatimonadetes	o__Gemmatimonadales	f__Gemmatimonadaceae	g__JABWBJ01	
9	d__Bacteria	p__Eisenbacteria	c__RBG-16-71-46	o__SZUA-252			
1	d__Bacteria	p__Acidobacteriota	c__Terriglobia	o__Bryobacterales	f__Bryobacteraceae	g__JAFLBB01	
24	d__Bacteria	p__Pseudomonadota	c__Gammaproteobacteria	o__Burkholderiales	f__WYBJ01		
2	d__Bacteria	p__Desulfobacterota_B	c__Binatia	o__UBA9968	f__UBA9968	g__WHTF01	s__WHTF01 sp021323355
2	d__Bacteria	p__Bacteroidota	c__Bacteroidia	o__Chitinophagales	f__Chitinophagaceae	g__Parafilimonas	
7	d__Bacteria	p__Myxococcota_A	c__UBA9160	o__UBA9160	f__UBA6930	g__VGRF01	
9	d__Bacteria	p__Desulfobacterota_D	c__UBA1144	o__UBA2774	f__UBA2774	g__2-12-FULL-53-21	
42	d__Bacteria	p__Pseudomonadota	c__Gammaproteobacteria	o__UBA6522	f__UBA6522	g__FEN-1219	
3	d__Bacteria	p__Gemmatimonadota	c__Gemmatimonadetes	o__JACCXV01	f__JACCXV01		
23	d__Bacteria	p__Pseudomonadota	c__Gammaproteobacteria	o__Pseudomonadales	f__HTCC2089	g__SZUA-521	
11	d__Bacteria	p__Myxococcota_A	c__UBA9160	o__UBA9160	f__UBA6930		
39	d__Bacteria	p__Pseudomonadota	c__Gammaproteobacteria	o__Burkholderiales	f__SHXO01	g__SHXO01	
20	d__Bacteria	p__Pseudomonadota	c__Gammaproteobacteria	o__Steroidobacterales	f__Steroidobacteraceae	g__CADEEJ01	
46	d__Bacteria	p__Acidobacteriota	c__Vicinamibacteria	o__Vicinamibacterales	f__UBA2999	g__JABFRY01	
38	d__Bacteria	p__Bacteroidota	c__Bacteroidia	o__Chitinophagales	f__Chitinophagaceae		
1	d__Bacteria	p__Bacteroidota	c__Kapabacteria	o__Palsa-1295	f__Palsa-1295	g__JAFDZW01	
43	d__Bacteria	p__Pseudomonadota	c__Gammaproteobacteria	o__Burkholderiales	f__Casimicrobiaceae	g__VBCG01	
3	d__Bacteria	p__Actinomycetota	c__Actinomycetia	o__Actinomycetales	f__Microbacteriaceae	g__Agromyces	
18	d__Bacteria	p__Acidobacteriota	c__Polarisedimenticolia	o__Gp22-AA2	f__Gp22-AA2		
12	d__Bacteria	p__Myxococcota	c__UBA796	o__UBA796			
35	d__Bacteria	p__Pseudomonadota	c__Alphaproteobacteria	o__Rhizobiales	f__Methyloligellaceae	g__Methyloceanibacter	
2	d__Bacteria	p__Planctomycetota	c__B15-G4	o__B15-G4	f__B15-G4	g__JACKHP01	
46	d__Bacteria	p__Pseudomonadota	c__Alphaproteobacteria	o__Dongiales			
6	d__Bacteria	p__Gemmatimonadota	c__Gemmatimonadetes	o__Longimicrobiales	f__Longimicrobiaceae	g__Longimicrobium	
29	d__Bacteria	p__Acidobacteriota	c__Vicinamibacteria	o__Vicinamibacterales	f__2-12-FULL-66-21	g__2-12-FULL-66-21	
26	d__Bacteria	p__Acidobacteriota	c__Vicinamibacteria	o__Fen-336	f__Fen-336	g__CADEEV01	
8	d__Bacteria	p__Pseudomonadota	c__Alphaproteobacteria	o__Rhizobiales	f__Aestuariivirgaceae		
15	d__Bacteria	p__Pseudomonadota	c__Gammaproteobacteria	o__Burkholderiales	f__SG8-41		
49	d__Bacteria	p__Pseudomonadota	c__Alphaproteobacteria	o__Dongiales	f__Dongiaceae		
3	d__Bacteria	p__Pseudomonadota	c__Alphaproteobacteria	o__ATCC43930	f__Stellaceae	g__AP-15	
15	d__Bacteria	p__Acidobacteriota	c__Vicinamibacteria	o__Vicinamibacterales	f__UBA2999	g__Gp6-AA45	
3	d__Bacteria	p__Acidobacteriota	c__Terriglobia	o__VXMN01	f__VXMN01		
2	d__Bacteria	p__Chloroflexota	c__UBA6077	o__UBA6077	f__CF-72		
19	d__Bacteria	p__Pseudomonadota	c__Gammaproteobacteria	o__Burkholderiales	f__Casimicrobiaceae	g__CAIWHR01	
12	d__Bacteria	p__Tectomicrobia	c__Entotheonellia	o__Entotheonellales	f__Entotheonellaceae	g__SXND01	
53	d__Bacteria	p__Krumholzibacteriota	c__Krumholzibacteria	o__WVZY01	f__JAKEHA01	g__JAKEHA01	
1	d__Bacteria	p__Verrucomicrobiota	c__Verrucomicrobiae	o__Chthoniobacterales	f__Terrimicrobiaceae	g__Terrimicrobium	
7	d__Bacteria	p__Actinomycetota	c__Acidimicrobiia	o__Acidimicrobiales			
10	d__Bacteria	p__Actinomycetota	c__Thermoleophilia	o__Gaiellales	f__Gaiellaceae	g__JACDAN01	
24	d__Archaea	p__Thermoproteota	c__Nitrososphaeria	o__Nitrososphaerales	f__Nitrososphaeraceae	g__TH1177	
5	d__Bacteria	p__Pseudomonadota	c__Alphaproteobacteria	o__Rhizobiales	f__Xanthobacteraceae		
2	d__Bacteria	p__Actinomycetota	c__Actinomycetia	o__Propionibacteriales	f__Propionibacteriaceae	g__JAJTCL01	
5	d__Bacteria	p__Actinomycetota	c__Acidimicrobiia	o__Acidimicrobiales	f__JACDCH01	g__ZC4RG19	
22	d__Bacteria	p__Methylomirabilota	c__Methylomirabilia	o__Rokubacteriales	f__JACPHL01		
22	d__Bacteria	p__Pseudomonadota	c__Alphaproteobacteria	o__Rhizobiales	f__Xanthobacteraceae	g__Z2-YC6860	
3	d__Bacteria	p__Actinomycetota	c__Thermoleophilia	o__Gaiellales	f__Gaiellaceae	g__VAXT01	
16	d__Bacteria	p__Acidobacteriota	c__Blastocatellia	o__RBC074	f__RBC074	g__JAJVID01	
9	d__Bacteria	p__Myxococcota	c__Polyangia	o__Fen-1088	f__Fen-1088	g__JADGRB01	
21	d__Bacteria	p__Planctomycetota	c__Planctomycetia	o__Pirellulales	f__Pirellulaceae	g__SXOA01	
6	d__Bacteria	p__Chloroflexota	c__Limnocylindria	o__QHBO01	f__QHBO01	g__CF-167	
4	d__Bacteria	p__Bacteroidota	c__Bacteroidia	o__Chitinophagales	f__UBA10324	g__JAFDYS01	
5	d__Bacteria	p__Planctomycetota	c__UBA8108	o__UBA8108	f__SXIK01		
7	d__Bacteria	p__Pseudomonadota	c__Gammaproteobacteria	o__Steroidobacterales	f__Steroidobacteraceae	g__CADEED01	
2	d__Bacteria	p__Actinomycetota	c__Thermoleophilia	o__Gaiellales	f__Gaiellaceae	g__JACVSB01	
33	d__Bacteria	p__Actinomycetota	c__Acidimicrobiia	o__UBA5794	f__ZC4RG35	g__JACZUI01	
1	d__Bacteria	p__Verrucomicrobiota	c__Verrucomicrobiae	o__Verrucomicrobiales	f__Akkermansiaceae	g__Akkermansia	s__Akkermansia muciniphila
12	d__Bacteria	p__Myxococcota_A	c__UBA9160	o__UBA9160	f__SMWR01	g__JAHEJV01	
5	d__Bacteria	p__Myxococcota_A	c__UBA9160	o__UBA9160			
13	d__Bacteria	p__Acidobacteriota	c__Polarisedimenticolia	o__Gp22-AA2	f__AA152	g__AA152	
1	d__Bacteria	p__Myxococcota	c__UBA796	o__UBA796	f__UBA796		
27	d__Bacteria	p__Myxococcota	c__Polyangia	o__Polyangiales	f__Polyangiaceae		
6	d__Bacteria	p__Verrucomicrobiota	c__Verrucomicrobiae	o__Pedosphaerales	f__JACRJZ01		
3	d__Bacteria	p__Acidobacteriota	c__Polarisedimenticolia	o__QHYA01			
2	d__Bacteria	p__Desulfobacterota_B	c__Binatia	o__JACPRU01	f__JACPRU01	g__JACPRU01	
22	d__Bacteria	p__Pseudomonadota	c__Gammaproteobacteria	o__Burkholderiales	f__Burkholderiaceae_B	g__Schlegelella_A	
24	d__Bacteria	p__Pseudomonadota	c__Gammaproteobacteria	o__Burkholderiales	f__SG8-39		
1	d__Bacteria	p__Verrucomicrobiota	c__Verrucomicrobiae	o__Pedosphaerales	f__UBA9464	g__UBA9464	
11	d__Bacteria	p__Acidobacteriota	c__Thermoanaerobaculia	o__UBA5704			
18	d__Bacteria	p__JABDJQ01	c__JABDJQ01				
8	d__Bacteria	p__Desulfobacterota_B	c__Binatia	o__HRBIN30	f__CADEER01	g__JAHBUY01	
6	d__Bacteria	p__Myxococcota	c__Polyangia	o__Polyangiales	f__Polyangiaceae	g__JADJRH01	
6	d__Bacteria	p__Pseudomonadota	c__Gammaproteobacteria	o__Burkholderiales	f__SG8-41	g__PALSA-1004	
7	d__Bacteria	p__Acidobacteriota	c__HRBIN11	o__JAKEFK01	f__JAKEFK01		
26	d__Bacteria	p__Desulfobacterota_B	c__Binatia	o__UBA9968	f__UBA9968		
1	d__Bacteria	p__Acidobacteriota	c__Terriglobia	o__Acidoferrales	f__UBA7541	g__Acidoferrum	
16	d__Bacteria	p__Acidobacteriota	c__Vicinamibacteria	o__Vicinamibacterales	f__UBA2999	g__JAENWD01	
24	d__Bacteria	p__Nitrospirota	c__Nitrospiria	o__Nitrospirales	f__Nitrospiraceae		
10	d__Bacteria	p__Methylomirabilota	c__Methylomirabilia	o__Rokubacteriales	f__CSP1-6	g__AR37	
5	d__Bacteria	p__Desulfobacterota_B	c__Binatia	o__DP-6	f__DP-6	g__DP-6	
1	d__Bacteria	p__Bacteroidota	c__Bacteroidia	o__Chitinophagales	f__UBA10324		
6	d__Bacteria	p__Planctomycetota	c__Planctomycetia	o__Isosphaerales			
5	d__Bacteria	p__Acidobacteriota	c__Thermoanaerobaculia	o__UBA5066	f__Gp7-AA6		
15	d__Bacteria	p__Myxococcota	c__Polyangia	o__Polyangiales	f__Polyangiaceae	g__PMG-095	
4	d__Bacteria	p__Verrucomicrobiota	c__Verrucomicrobiae	o__Chthoniobacterales	f__UBA10450	g__AV40	
22	d__Bacteria	p__Eisenbacteria	c__RBG-16-71-46	o__RBG-16-71-46	f__RBG-16-71-46	g__JAIOPA01	
4	d__Bacteria	p__Acidobacteriota	c__Vicinamibacteria	o__Vicinamibacterales	f__UBA2999	g__WHSN01	
21	d__Bacteria	p__Pseudomonadota	c__Gammaproteobacteria	o__Burkholderiales	f__Burkholderiaceae_B	g__JAEUPI01	
11	d__Bacteria	p__Eisenbacteria	c__RBG-16-71-46	o__RBG-16-71-46	f__RBG-16-71-46	g__WS-11	
9	d__Bacteria	p__Verrucomicrobiota	c__Verrucomicrobiae	o__Chthoniobacterales	f__UBA10450	g__Palsa-1392	
5	d__Bacteria	p__Gemmatimonadota	c__Gemmatimonadetes	o__Gemmatimonadales	f__GWC2-71-9	g__SPDF01	
3	d__Bacteria	p__Planctomycetota	c__Phycisphaerae	o__Phycisphaerales	f__SM1A02	g__JAKEEP01	
3	d__Bacteria	p__Gemmatimonadota	c__Gemmatimonadetes	o__Gemmatimonadales	f__GWC2-71-9	g__AG25	
13	d__Bacteria	p__Eisenbacteria	c__RBG-16-71-46	o__RBG-16-71-46	f__RBG-16-71-46		
1	d__Bacteria	p__Eisenbacteria	c__RBG-16-71-46	o__RBG-16-71-46	f__RBG-16-71-46	g__JACRPT01	
5	d__Bacteria	p__Pseudomonadota	c__Gammaproteobacteria	o__Xanthomonadales	f__Xanthomonadaceae	g__Lysobacter_A	
8	d__Bacteria	p__Acidobacteriota	c__Vicinamibacteria	o__Vicinamibacterales	f__Vicinamibacteraceae	g__Luteitalea	
4	d__Bacteria	p__Pseudomonadota	c__Gammaproteobacteria	o__Pseudomonadales	f__Spongiibacteraceae		
1	d__Bacteria	p__Verrucomicrobiota	c__Verrucomicrobiae	o__Chthoniobacterales	f__Terrimicrobiaceae	g__CAMASH01	
5	d__Bacteria	p__Pseudomonadota	c__Gammaproteobacteria	o__UBA5335	f__UBA5335	g__Macondimonas	
1	d__Bacteria	p__Bacteroidota	c__Bacteroidia	o__Chitinophagales	f__Chitinophagaceae	g__UBA1952	
2	d__Bacteria	p__Myxococcota_A	c__UBA9160	o__SZUA-336	f__SZUA-336	g__VGRW01	
4	d__Bacteria	p__Pseudomonadota	c__Gammaproteobacteria	o__Burkholderiales	f__Burkholderiaceae_B	g__CADEEN01	
4	d__Bacteria	p__Pseudomonadota	c__Gammaproteobacteria	o__Steroidobacterales	f__Steroidobacteraceae	g__Povalibacter	
3	d__Bacteria	p__Bacteroidota	c__Bacteroidia	o__Cytophagales	f__Cyclobacteriaceae	g__ZC4RG29	
5	d__Bacteria	p__Pseudomonadota	c__Alphaproteobacteria	o__Rhizobiales	f__Xanthobacteraceae	g__VAZQ01	
2	d__Bacteria	p__Acidobacteriota	c__Terriglobia	o__20CM-2-55-15	f__20CM-2-55-15	g__JAHFTY01	
16	d__Bacteria	p__Pseudomonadota	c__Gammaproteobacteria	o__Woeseiales	f__Woeseiaceae	g__UBA1844	
1	d__Bacteria	p__Pseudomonadota	c__Gammaproteobacteria	o__Burkholderiales	f__SG8-39	g__ZC4RG42	
4	d__Bacteria	p__Actinomycetota	c__Actinomycetia	o__Mycobacteriales	f__Pseudonocardiaceae		
1	d__Bacteria	p__Bdellovibrionota	c__Bdellovibrionia	o__Bdellovibrionales			
3	d__Bacteria	p__Pseudomonadota	c__Gammaproteobacteria	o__Burkholderiales	f__WYBJ01	g__WYBJ01	
24	d__Bacteria	p__Acidobacteriota	c__Vicinamibacteria	o__Fen-336	f__Fen-336	g__AA29	
2	d__Bacteria	p__Pseudomonadota	c__Gammaproteobacteria	o__Xanthomonadales	f__Ahniellaceae	g__JAGOEZ01	
20	d__Bacteria	p__Acidobacteriota	c__Terriglobia	o__Bryobacterales	f__Bryobacteraceae		
4	d__Bacteria	p__Verrucomicrobiota	c__Verrucomicrobiae	o__Chthoniobacterales	f__UBA10450	g__AV80	
9	d__Bacteria	p__Gemmatimonadota	c__Gemmatimonadetes	o__Gemmatimonadales	f__Gemmatimonadaceae	g__Gemmatimonas	
2	d__Bacteria	p__Acidobacteriota	c__Vicinamibacteria	o__Vicinamibacterales	f__2-12-FULL-66-21	g__JACCRT01	
14	d__Archaea	p__Thermoproteota	c__Nitrososphaeria	o__Nitrososphaerales	f__Nitrososphaeraceae	g__TH5896	
11	d__Bacteria	p__Actinomycetota	c__Acidimicrobiia	o__Acidimicrobiales	f__Ilumatobacteraceae		
5	d__Bacteria	p__Acidobacteriota	c__Terriglobia	o__20CM-2-55-15	f__20CM-2-55-15	g__20CM-2-55-15	
3	d__Bacteria	p__Tectomicrobia	c__Entotheonellia	o__J063			
4	d__Bacteria	p__Actinomycetota	c__Acidimicrobiia	o__Acidimicrobiales	f__JACDCH01		
2	d__Archaea	p__Thermoproteota	c__Nitrososphaeria	o__Nitrososphaerales	f__Nitrososphaeraceae	g__TH5893	
10	d__Bacteria	p__Planctomycetota	c__MHYJ01	o__MHYJ01	f__JACPRB01	g__JACQVR01	
17	d__Bacteria	p__Verrucomicrobiota	c__Verrucomicrobiae	o__Pedosphaerales	f__JAKEEH01	g__JAKEEH01	
21	d__Bacteria	p__ARS69	c__ARS69	o__ARS69	f__ARS69		
3	d__Bacteria	p__Actinomycetota	c__Thermoleophilia	o__Solirubrobacterales	f__70-9	g__JAJKHV01	
11	d__Bacteria	p__Pseudomonadota	c__Gammaproteobacteria	o__Steroidobacterales	f__Steroidobacteraceae	g__ZC4RG30	
2	d__Bacteria	p__Acidobacteriota	c__Vicinamibacteria	o__Vicinamibacterales	f__JAFNAJ01		
8	d__Bacteria	p__Gemmatimonadota	c__Gemmatimonadetes	o__Gemmatimonadales	f__GWC2-71-9	g__JACOVF01	
3	d__Bacteria	p__Planctomycetota	c__Planctomycetia	o__Pan216			
7	d__Bacteria	p__Verrucomicrobiota	c__Verrucomicrobiae	o__Opitutales	f__Opitutaceae	g__ER46	
9	d__Bacteria	p__Chloroflexota	c__UBA2235	o__UBA12225	f__UBA12225		
17	d__Bacteria	p__Methylomirabilota	c__Methylomirabilia	o__Rokubacteriales	f__CSP1-6	g__VGLJ01	
3	d__Bacteria	p__Eisenbacteria	c__RBG-16-71-46	o__JAGVPR01			
16	d__Bacteria	p__Actinomycetota	c__Thermoleophilia	o__Gaiellales	f__Gaiellaceae	g__JAIBJN01	
16	d__Bacteria	p__Chloroflexota	c__Limnocylindria	o__Limnocylindrales	f__CSP1-4		
2	d__Bacteria	p__Pseudomonadota	c__Gammaproteobacteria	o__JACDCP01	f__JACDCP01		
9	d__Bacteria	p__Nitrospirota	c__Nitrospiria	o__Nitrospirales	f__Nitrospiraceae	g__Palsa-1315	
6	d__Bacteria	p__Methylomirabilota	c__Methylomirabilia	o__Rokubacteriales	f__CSP1-6	g__JACQFL01	
22	d__Bacteria	p__Pseudomonadota	c__Alphaproteobacteria	o__CACIAM-22H2	f__CACIAM-22H2		
6	d__Bacteria	p__Eisenbacteria	c__RBG-16-71-46				
1	d__Bacteria	p__Acidobacteriota	c__Polarisedimenticolia				
6	d__Bacteria	p__Planctomycetota	c__UBA1135	o__UBA1135	f__GCA-002686595	g__JAKFYL01	
12	d__Bacteria	p__Pseudomonadota	c__Gammaproteobacteria	o__Burkholderiales	f__SG8-41	g__JACQGN01	
3	d__Bacteria	p__Verrucomicrobiota	c__Verrucomicrobiae	o__Pedosphaerales	f__AV2		
1	d__Bacteria	p__Pseudomonadota	c__Gammaproteobacteria	o__Pseudomonadales	f__HTCC2089	g__UBA2168	
2	d__Bacteria	p__Acidobacteriota	c__Thermoanaerobaculia	o__UBA5704	f__QQVD01		
4	d__Bacteria	p__Pseudomonadota	c__Gammaproteobacteria	o__Pseudomonadales	f__Halieaceae	g__Halioglobus	
3	d__Bacteria	p__Planctomycetota	c__Planctomycetia	o__Pirellulales	f__Pirellulaceae		
3	d__Bacteria	p__Pseudomonadota	c__Alphaproteobacteria	o__Sphingomonadales	f__Sphingomonadaceae	g__Novosphingobium	
4	d__Bacteria	p__Myxococcota	c__UBA796	o__UBA796	f__GCA-2862545	g__JACKER01	
6	d__Bacteria	p__Pseudomonadota	c__Alphaproteobacteria	o__Caulobacterales	f__TH1-2	g__Vitreimonas	
2	d__Bacteria	p__Desulfobacterota_B	c__Binatia	o__HRBIN30			
3	d__Bacteria	p__Pseudomonadota	c__Gammaproteobacteria	o__Burkholderiales	f__Burkholderiaceae_B	g__Rubrivivax_A	
3	d__Bacteria	p__Eisenbacteria	c__RBG-16-71-46	o__RBG-16-71-46	f__RBG-16-71-46	g__WS-2	
9	d__Bacteria	p__Acidobacteriota	c__Thermoanaerobaculia	o__UBA5704	f__UBA5704	g__JACTMI01	
5	d__Bacteria	p__Pseudomonadota	c__Gammaproteobacteria	o__JABDKV01	f__JABDKV01		
5	d__Bacteria	p__Pseudomonadota	c__Gammaproteobacteria	o__Burkholderiales	f__Burkholderiaceae_B		
4	d__Bacteria	p__Acidobacteriota	c__Vicinamibacteria	o__Vicinamibacterales	f__JACPPN01		
8	d__Bacteria	p__Pseudomonadota	c__Gammaproteobacteria	o__Burkholderiales	f__JAEUMW01	g__JAEUMW01	
2	d__Bacteria	p__Pseudomonadota	c__Gammaproteobacteria	o__GCA-2729495	f__GCA-2729495	g__QUBU01	
1	d__Bacteria	p__Acidobacteriota	c__Vicinamibacteria	o__Fen-336	f__JAGNNV01	g__JAGNNV01	
2	d__Bacteria	p__Chloroflexota	c__Dehalococcoidia	o__DSTF01	f__JACRBR01	g__JACRBR01	
9	d__Bacteria	p__Pseudomonadota	c__Gammaproteobacteria	o__Xanthomonadales	f__SZUA-36	g__SHZL01	
14	d__Bacteria	p__Planctomycetota	c__UBA1135	o__UBA1135	f__GCA-002686595		
1	d__Bacteria	p__Pseudomonadota	c__Gammaproteobacteria	o__Burkholderiales	f__Burkholderiaceae_A	g__DSNY01	
2	d__Bacteria	p__Pseudomonadota	c__Gammaproteobacteria	o__Steroidobacterales	f__Steroidobacteraceae	g__JAIBJL01	
6	d__Bacteria	p__Pseudomonadota	c__Alphaproteobacteria	o__Rhizobiales	f__Xanthobacteraceae	g__Palsa-892	
11	d__Bacteria	p__Pseudomonadota	c__Gammaproteobacteria	o__Burkholderiales	f__Burkholderiaceae_A	g__JAJTHJ01	
10	d__Bacteria	p__Pseudomonadota	c__Gammaproteobacteria	o__Xanthomonadales	f__Xanthomonadaceae	g__Arenimonas	
4	d__Bacteria	p__Actinomycetota	c__Acidimicrobiia	o__IMCC26256			
4	d__Bacteria	p__Actinomycetota	c__Acidimicrobiia	o__UBA5794	f__ZC4RG35		
2	d__Bacteria	p__Actinomycetota	c__Acidimicrobiia	o__Acidimicrobiales	f__JACDEA01	g__JACDEA01	
3	d__Bacteria	p__Actinomycetota	c__Acidimicrobiia	o__Acidimicrobiales	f__WLNW01	g__WLNW01	
6	d__Bacteria	p__Pseudomonadota	c__Alphaproteobacteria	o__Kiloniellales	f__JACOMY01		
2	d__Bacteria	p__CSP1-3	c__CSP1-3	o__CSP1-3	f__CSP1-3		
6	d__Bacteria	p__Chloroflexota	c__Limnocylindria	o__P2-11E	f__P2-11E	g__CF-39	
2	d__Bacteria	p__Chloroflexota	c__Dehalococcoidia	o__SM23-28-2	f__RBG-16-64-32		
2	d__Bacteria	p__Chloroflexota	c__Limnocylindria	o__Limnocylindrales	f__CSP1-4	g__JACDAV01	
4	d__Bacteria	p__Pseudomonadota	c__Alphaproteobacteria	o__Rhizobiales	f__Xanthobacteraceae	g__WHTP01	
1	d__Bacteria	p__Pseudomonadota	c__Gammaproteobacteria	o__DSM-16500	f__DSM-16500	g__Aquicella_A	
2	d__Bacteria	p__Pseudomonadota	c__Gammaproteobacteria	o__Ga0077536	f__Ga0077536		
1	d__Bacteria	p__Pseudomonadota	c__Gammaproteobacteria	o__GCA-2729495	f__GCA-2729495	g__SHZI01	
1	d__Bacteria	p__Actinomycetota	c__Acidimicrobiia	o__Acidimicrobiales	f__CADCTF01		
6	d__Bacteria	p__Desulfobacterota_B	c__Binatia	o__Bin18	f__Bin18	g__JABFSC01	
5	d__Bacteria	p__Planctomycetota	c__UBA1135	o__UBA2386	f__UBA2386	g__JAEUHS01	
5	d__Bacteria	p__Cyanobacteriota	c__Vampirovibrionia	o__Obscuribacterales	f__Obscuribacteraceae		
2	d__Bacteria	p__Bacteroidota	c__Ignavibacteria	o__SJA-28	f__OLB5		
5	d__Bacteria	p__Pseudomonadota	c__Gammaproteobacteria	o__Xanthomonadales	f__Xanthomonadaceae	g__Lysobacter	
3	d__Bacteria	p__Actinomycetota	c__Acidimicrobiia	o__Acidimicrobiales	f__WLNW01		
1	d__Bacteria	p__Armatimonadota	c__Abditibacteria	o__Abditibacteriales	f__Abditibacteriaceae		
29	d__Bacteria	p__Actinomycetota	c__Thermoleophilia	o__Gaiellales	f__Gaiellaceae	g__GMQP-bins7	
2	d__Bacteria	p__Methylomirabilota	c__Methylomirabilia	o__Rokubacteriales	f__CSP1-6	g__AR8	
2	d__Bacteria	p__Actinomycetota	c__Actinomycetia	o__Mycobacteriales	f__Micromonosporaceae	g__JAEZGP01	
1	d__Bacteria	p__Actinomycetota	c__Actinomycetia	o__Jiangellales	f__Jiangellaceae		
6	d__Bacteria	p__Pseudomonadota	c__Alphaproteobacteria	o__Reyranellales	f__Reyranellaceae	g__Vineibacter	
7	d__Bacteria	p__Actinomycetota	c__Thermoleophilia	o__Gaiellales	f__Gaiellaceae	g__JACCRW01	
2	d__Bacteria	p__Actinomycetota	c__Acidimicrobiia	o__UBA5794	f__ZC4RG35	g__JACCTH01	
6	d__Bacteria	p__Chloroflexota	c__Limnocylindria	o__QHBO01	f__QHBO01	g__JACDBZ01	
5	d__Bacteria	p__Eisenbacteria	c__RBG-16-71-46	o__SZUA-252	f__SZUA-252	g__SZUA-252	
3	d__Bacteria	p__Actinomycetota	c__Rubrobacteria	o__Rubrobacterales	f__Rubrobacteraceae	g__Rubrobacter_D	
2	d__Bacteria	p__Planctomycetota	c__B15-G4	o__B15-G4	f__SIAN01		
4	d__Bacteria	p__Gemmatimonadota	c__Gemmatimonadetes	o__Longimicrobiales	f__UBA6960		
2	d__Bacteria	p__Actinomycetota	c__UBA4738	o__UBA4738			
4	d__Bacteria	p__Pseudomonadota	c__Gammaproteobacteria	o__Burkholderiales	f__Rhodocyclaceae	g__JAEUNX01	
2	d__Bacteria	p__Gemmatimonadota	c__Gemmatimonadetes	o__Gemmatimonadales	f__Gemmatimonadaceae	g__JACDCY01	
1	d__Bacteria	p__Actinomycetota	c__Thermoleophilia	o__Gaiellales	f__Gaiellaceae	g__JACVRU01	
4	d__Bacteria	p__Eisenbacteria	c__RBG-16-71-46	o__RBG-16-71-46	f__RBG-16-71-46	g__JABFRW01	
1	d__Bacteria	p__Actinomycetota	c__UBA4738	o__UBA4738	f__HRBIN12	g__AC-69	
2	d__Bacteria	p__Pseudomonadota	c__Gammaproteobacteria	o__Xanthomonadales	f__Rhodanobacteraceae	g__Rudaea	
3	d__Bacteria	p__Pseudomonadota	c__Gammaproteobacteria	o__Xanthomonadales	f__Rhodanobacteraceae	g__Rhodanobacter	
6	d__Bacteria	p__Pseudomonadota	c__Gammaproteobacteria	o__Xanthomonadales	f__Rhodanobacteraceae	g__66-474	
1	d__Bacteria	p__Pseudomonadota	c__Alphaproteobacteria	o__Rhizobiales	f__Xanthobacteraceae	g__WHTM01	
3	d__Bacteria	p__Actinomycetota	c__Actinomycetia	o__Actinomycetales	f__Microbacteriaceae	g__Pseudolysinimonas	
1	d__Bacteria	p__Pseudomonadota	c__Gammaproteobacteria	o__Steroidobacterales	f__Steroidobacteraceae	g__13-2-20CM-66-19	
3	d__Bacteria	p__Pseudomonadota	c__Gammaproteobacteria	o__Burkholderiales	f__Nitrosomonadaceae	g__Nitrosospira	
1	d__Bacteria	p__Acidobacteriota	c__Terriglobia	o__Terriglobales	f__Acidobacteriaceae	g__Edaphobacter	
2	d__Bacteria	p__Pseudomonadota	c__Alphaproteobacteria	o__ATCC43930	f__Stellaceae		
4	d__Bacteria	p__Pseudomonadota	c__Alphaproteobacteria	o__Micropepsales	f__Micropepsaceae	g__Rhizomicrobium	
3	d__Bacteria	p__Pseudomonadota	c__Alphaproteobacteria	o__Sphingomonadales	f__Sphingomonadaceae	g__Croceibacterium	
2	d__Bacteria	p__Pseudomonadota	c__Alphaproteobacteria	o__Caulobacterales	f__Caulobacteraceae	g__UBA5005	
1	d__Bacteria	p__Patescibacteria	c__Paceibacteria	o__UBA9983_A	f__Zambryskibacteraceae		
2	d__Bacteria	p__Acidobacteriota	c__Vicinamibacteria	o__Vicinamibacterales	f__UBA2999	g__JADZED01	
3	d__Bacteria	p__Chloroflexota	c__Limnocylindria	o__Limnocylindrales	f__CSP1-4	g__UBA5189	
1	d__Bacteria	p__Pseudomonadota	c__Alphaproteobacteria	o__Acetobacterales	f__Acetobacteraceae	g__70-18	
1	d__Bacteria	p__Planctomycetota	c__Planctomycetia	o__Pirellulales	f__PNKZ01		
1	d__Bacteria	p__Pseudomonadota	c__Gammaproteobacteria	o__DSM-16500	f__DSM-16500	g__BMAH01	
1	d__Bacteria	p__Gemmatimonadota	c__Gemmatimonadetes	o__Gemmatimonadales	f__Gemmatimonadaceae	g__Fen-1247	
1	d__Bacteria	p__Pseudomonadota	c__Gammaproteobacteria	o__Xanthomonadales	f__Rhodanobacteraceae	g__Rhodanobacter	s__Rhodanobacter sp018599185
1	d__Bacteria	p__Verrucomicrobiota	c__Verrucomicrobiae	o__Pedosphaerales	f__JACDHS01		
4	d__Bacteria	p__Pseudomonadota	c__Alphaproteobacteria	o__Caulobacterales	f__Caulobacteraceae	g__Phenylobacterium	
1	d__Bacteria	p__Acidobacteriota	c__Terriglobia	o__Terriglobales	f__Acidobacteriaceae	g__Edaphobacter	s__Edaphobacter sp010093025
1	d__Bacteria	p__Pseudomonadota	c__Alphaproteobacteria	o__Rhizobiales	f__Xanthobacteraceae	g__Nitrobacter	
1	d__Bacteria	p__Pseudomonadota	c__Alphaproteobacteria	o__Dongiales	f__Dongiaceae	g__Hypericibacter	
5	d__Bacteria	p__Pseudomonadota	c__Gammaproteobacteria	o__Burkholderiales	f__SG8-41	g__DSOT01	
1	d__Bacteria	p__Actinomycetota	c__Actinomycetia	o__Mycobacteriales	f__Micromonosporaceae		
5	d__Bacteria	p__Actinomycetota	c__Acidimicrobiia	o__Acidimicrobiales	f__JACDCH01	g__VFJN01	
1	d__Bacteria	p__Pseudomonadota	c__Alphaproteobacteria	o__SMXQ01	f__SMXQ01	g__CAMAVH01	
1	d__Bacteria	p__Patescibacteria	c__Saccharimonadia	o__Saccharimonadales	f__UBA10212	g__JAIFWC01	
4	d__Bacteria	p__Patescibacteria	c__Saccharimonadia	o__Saccharimonadales	f__UBA4665		
1	d__Bacteria	p__Acidobacteriota	c__Terriglobia	o__Bryobacterales	f__Bryobacteraceae	g__KBS-96	
1	d__Bacteria	p__Patescibacteria	c__Saccharimonadia	o__Saccharimonadales	f__JALRHH01	g__JALRHH01	
1	d__Bacteria	p__Actinomycetota	c__Actinomycetia	o__Streptosporangiales	f__Streptosporangiaceae		
2	d__Bacteria	p__Pseudomonadota	c__Gammaproteobacteria	o__Xanthomonadales	f__Rhodanobacteraceae	g__Dokdonella_A	
1	d__Bacteria	p__Pseudomonadota	c__Gammaproteobacteria	o__Burkholderiales	f__Nitrosomonadaceae	g__Nitrosospira	s__Nitrosospira sp001899235
1	d__Bacteria	p__Patescibacteria	c__Saccharimonadia	o__Saccharimonadales	f__UBA4665	g__JAJZCD01	
1	d__Bacteria	p__Acidobacteriota	c__Terriglobia	o__Bryobacterales	f__Bryobacteraceae	g__BOG-234	
3	d__Bacteria	p__Actinomycetota	c__Actinomycetia	o__Propionibacteriales	f__Nocardioidaceae	g__Aeromicrobium	
1	d__Bacteria	p__Gemmatimonadota	c__Gemmatimonadetes	o__Gemmatimonadales	f__Gemmatimonadaceae	g__JADGGM01	
1	d__Bacteria	p__Bacteroidota	c__Bacteroidia	o__Chitinophagales	f__Chitinophagaceae	g__Puia	
1	d__Bacteria	p__Bacteroidota	c__Bacteroidia	o__Chitinophagales	f__Chitinophagaceae	g__Ginsengibacter	
2	d__Bacteria	p__Actinomycetota	c__Acidimicrobiia	o__Acidimicrobiales	f__JACDEA01	g__JACCXE01	
2	d__Bacteria	p__Pseudomonadota	c__Gammaproteobacteria	o__UBA6522	f__UBA6522	g__JAHEEO01	
14	d__Bacteria	p__Pseudomonadota	c__Gammaproteobacteria	o__Burkholderiales	f__UBA6910	g__UBA6910	
4	d__Bacteria	p__Patescibacteria	c__Saccharimonadia	o__Saccharimonadales	f__UBA4665	g__PMNU01	
38	d__Bacteria	p__Krumholzibacteriota	c__Krumholzibacteria	o__G020349025	f__G020349025		
27	d__Bacteria	p__Gemmatimonadota	c__Gemmatimonadetes	o__Gemmatimonadales	f__GWC2-71-9	g__SZUA-544	
7	d__Bacteria	p__Acidobacteriota	c__Polarisedimenticolia	o__JACPZX01	f__JACPZX01		
1	d__Bacteria	p__Actinomycetota	c__Actinomycetia	o__Actinomycetales	f__Dermatophilaceae	g__Pedococcus	
2	d__Bacteria	p__Pseudomonadota	c__Alphaproteobacteria	o__Rhizobiales	f__Xanthobacteraceae	g__Rhodoplanes	
3	d__Bacteria	p__Myxococcota	c__Polyangia	o__Haliangiales	f__SHYZ01		
3	d__Bacteria	p__Planctomycetota	c__JAJSAM01	o__JAKLKS01	f__JAKLKS01	g__JAKLKS01	
6	d__Bacteria	p__Planctomycetota	c__Planctomycetia	o__Gemmatales	f__Gemmataceae	g__SIAJ01	
6	d__Bacteria	p__Pseudomonadota	c__Alphaproteobacteria	o__Rhizobiales	f__Hyphomicrobiaceae	g__AWTP1-13	
4	d__Bacteria	p__Planctomycetota	c__Phycisphaerae	o__Phycisphaerales	f__SM1A02	g__JADFOJ01	
2	d__Bacteria	p__Chloroflexota	c__UBA6077	o__UBA6077	f__SHYK01		
1	d__Bacteria	p__Chloroflexota	c__Anaerolineae	o__Promineofilales	f__Promineofilaceae	g__CAADGU01	
9	d__Bacteria	p__Pseudomonadota	c__Alphaproteobacteria	o__Rhizobiales	f__Afifellaceae	g__Propylenella	
2	d__Bacteria	p__Planctomycetota	c__Phycisphaerae	o__UBA1845	f__UBA1845	g__JADFRH01	
2	d__Bacteria	p__Actinomycetota	c__Acidimicrobiia	o__UBA5794	f__UBA5794	g__JACDBE01	
6	d__Bacteria	p__Desulfobacterota_D	c__UBA1144	o__UBA2774	f__CSP1-2	g__JACPIY01	
1	d__Bacteria	p__Actinomycetota	c__Acidimicrobiia	o__UBA5794	f__ZC4RG35	g__JAHWLC01	
10	d__Bacteria	p__Acidobacteriota	c__Vicinamibacteria	o__Vicinamibacterales	f__UBA2999	g__JAIVJN01	
1	d__Bacteria	p__Bacteroidota	c__Bacteroidia	o__AKYH767-A	f__OLB10		
19	d__Bacteria	p__Chloroflexota	c__Dehalococcoidia	o__SM23-28-2	f__RBG-16-64-32	g__VJS01	
1	d__Bacteria	p__Planctomycetota	c__PLA2	o__PLA2	f__PLA2		
1	d__Bacteria	p__Pseudomonadota	c__Alphaproteobacteria	o__Rhizobiales	f__Xanthobacteraceae	g__Pseudorhodoplanes	
5	d__Bacteria	p__Planctomycetota	c__UBA1135	o__UBA1135	f__JAKEFM01	g__JAKEFM01	
5	d__Bacteria	p__Desulfobacterota_B	c__Binatia	o__DP-6			
11	d__Bacteria	p__Eisenbacteria	c__RBG-16-71-46	o__SZUA-252	f__SZUA-252		
10	d__Bacteria	p__Chloroflexota	c__Dehalococcoidia	o__DSTF01	f__JACRBR01	g__DTUCFX13	
6	d__Bacteria	p__Acidobacteriota	c__Polarisedimenticolia	o__Gp22-AA2	f__AA152		
2	d__Bacteria	p__Desulfobacterota_F	c__Desulfuromonadia	o__Desulfuromonadales	f__ATBO01		
7	d__Bacteria	p__Chloroflexota	c__Anaerolineae	o__Anaerolineales	f__EnvOPS12		
1	d__Bacteria	p__Actinomycetota	c__Actinomycetia	o__Jiangellales			
14	d__Bacteria	p__Verrucomicrobiota	c__Verrucomicrobiae	o__Pedosphaerales	f__JAKEEH01		
1	d__Bacteria	p__Verrucomicrobiota	c__Verrucomicrobiae	o__Pedosphaerales	f__JAFGQR01		
4	d__Bacteria	p__Myxococcota_A	c__UBA9160	o__UBA9160	f__PR03		
1	d__Bacteria	p__Verrucomicrobiota	c__Verrucomicrobiae	o__Pedosphaerales	f__JAHDYP01		
3	d__Bacteria	p__Planctomycetota	c__Planctomycetia	o__Planctomycetales	f__Planctomycetaceae	g__JAEUIG01	
2	d__Bacteria	p__Planctomycetota	c__PLA2	o__PLA2	f__PLA2	g__PLA2	
1	d__Bacteria	p__Pseudomonadota	c__Gammaproteobacteria	o__Acidiferrobacterales	f__Sulfurifustaceae	g__JACQFZ01	
5	d__Bacteria	p__Chloroflexota	c__Dehalococcoidia	o__SM23-28-2	f__RBG-16-64-32	g__CF-163	
2	d__Bacteria	p__Myxococcota	c__UBA796	o__UBA796	f__GCA-2862545	g__JAFDJI01	
1	d__Bacteria	p__Chloroflexota	c__Anaerolineae	o__Anaerolineales			
9	d__Bacteria	p__Bacteroidota	c__UBA10030	o__UBA10030			
12	d__Bacteria	p__Acidobacteriota	c__Vicinamibacteria	o__Vicinamibacterales	f__UBA2999	g__2-12-FULL-65-11	
5	d__Bacteria	p__Acidobacteriota	c__Terriglobia	o__Acidoferrales	f__UBA7541		
13	d__Bacteria	p__Planctomycetota	c__Planctomycetia	o__Gemmatales	f__Gemmataceae		
3	d__Bacteria	p__Desulfobacterota_D	c__UBA1144	o__UBA2774	f__CSP1-2	g__CSP1-2	
21	d__Bacteria	p__Gemmatimonadota	c__Gemmatimonadetes	o__Gemmatimonadales	f__GWC2-71-9	g__20CM-2-65-7	
5	d__Bacteria	p__Desulfobacterota_B	c__Binatia	o__UBA1149			
2	d__Bacteria	p__Planctomycetota	c__Planctomycetia	o__Gemmatales	f__Gemmataceae	g__JAIOQJ01	
1	d__Bacteria	p__Pseudomonadota	c__Alphaproteobacteria	o__UBA828	f__UBA828		
31	d__Bacteria	p__Acidobacteriota	c__Polarisedimenticolia	o__JACPZX01			
3	d__Bacteria	p__Acidobacteriota	c__Polarisedimenticolia	o__Gp22-AA2	f__Gp22-AA2	g__Gp22-AA3	
3	d__Bacteria	p__Pseudomonadota	c__Alphaproteobacteria	o__CACIAM-22H2			
2	d__Bacteria	p__Patescibacteria	c__Saccharimonadia	o__Saccharimonadales	f__2-12-FULL-41-12		
2	d__Bacteria	p__Patescibacteria	c__Paceibacteria	o__2-02-FULL-40-12	f__GWA2-44-9		
5	d__Bacteria	p__Pseudomonadota	c__Gammaproteobacteria	o__Burkholderiales	f__SG8-39	g__JAABQT01	
4	d__Bacteria	p__Pseudomonadota	c__Gammaproteobacteria	o__Burkholderiales	f__SG8-39	g__VBDM01	
4	d__Bacteria	p__Acidobacteriota	c__Terriglobia	o__Acidoferrales	f__2-02-FULL-67-57	g__JACPRL01	
1	d__Bacteria	p__Verrucomicrobiota	c__Verrucomicrobiae	o__Opitutales	f__Opitutaceae		
10	d__Bacteria	p__Desulfobacterota_B	c__Binatia	o__HRBIN30	f__CADEER01		
3	d__Bacteria	p__Bacteroidota	c__UBA10030	o__UBA10030	f__SZUA-254	g__SZUA-254	
2	d__Bacteria	p__Pseudomonadota	c__Gammaproteobacteria	o__Xanthomonadales	f__SZUA-36	g__JABDPF01	
4	d__Bacteria	p__Desulfobacterota_E	c__Deferrimicrobia	o__Deferrimicrobiales	f__Deferrimicrobiaceae	g__FEB-35	
3	d__Bacteria	p__Desulfobacterota_B	c__Binatia	o__UBA9968	f__UBA9968	g__JACPFE01	
2	d__Bacteria	p__Gemmatimonadota	c__Gemmatimonadetes	o__Gemmatimonadales	f__GWC2-71-9	g__JADFNB01	
2	d__Bacteria	p__Methylomirabilota	c__Methylomirabilia	o__Methylomirabilales	f__Methylomirabilaceae	g__Methylomirabilis	
2	d__Bacteria	p__Actinomycetota	c__Actinomycetia	o__Mycobacteriales	f__Frankiaceae		
3	d__Bacteria	p__Desulfobacterota_E	c__Deferrimicrobia	o__Deferrimicrobiales	f__Deferrimicrobiaceae	g__JAGGAJ01	
5	d__Bacteria	p__Myxococcota	c__Myxococcia	o__Myxococcales	f__Anaeromyxobacteraceae		
1	d__Bacteria	p__Pseudomonadota	c__Gammaproteobacteria	o__Xanthomonadales	f__SZUA-36		
2	d__Bacteria	p__Pseudomonadota	c__Alphaproteobacteria	o__Rhizobiales	f__Aestuariivirgaceae	g__Aestuariivirga	
1	d__Bacteria	p__Desulfobacterota_B	c__Binatia	o__HRBIN30	f__JAGDMS01		
1	d__Bacteria	p__Pseudomonadota	c__Gammaproteobacteria	o__UBA9214	f__UBA9214	g__SZUA-186	
1	d__Bacteria	p__Planctomycetota	c__UBA1135	o__UBA2386	f__GCA-002748355		
1	d__Bacteria	p__Verrucomicrobiota	c__Verrucomicrobiae	o__Verrucomicrobiales	f__V1-33	g__V1-33	
1	d__Bacteria	p__Nitrospirota	c__Nitrospiria	o__Nitrospirales	f__Nitrospiraceae	g__NS-7	
2	d__Bacteria	p__Krumholzibacteriota	c__Krumholzibacteria	o__G020349025	f__G020349025	g__G020349025	
4	d__Bacteria	p__Desulfobacterota_F	c__Desulfuromonadia	o__Desulfuromonadales			
1	d__Bacteria	p__Desulfobacterota_B	c__Binatia	o__Bin18	f__Bin18		
2	d__Bacteria	p__Chloroflexota	c__Anaerolineae	o__UCB3			
2	d__Bacteria	p__Planctomycetota	c__Planctomycetia	o__Gemmatales	f__Gemmataceae	g__Fimbriiglobus	
1	d__Bacteria	p__Pseudomonadota	c__Gammaproteobacteria	o__Burkholderiales	f__Thiobacillaceae	g__Thiobacillus	
3	d__Bacteria	p__Myxococcota	c__Polyangia	o__Polyangiales	f__JAFGIB01		
2	d__Bacteria	p__Nitrospirota	c__Nitrospiria	o__Nitrospirales	f__Nitrospiraceae	g__2-02-FULL-62-14	
1	d__Bacteria	p__Planctomycetota	c__UBA1135	o__UBA1135	f__GCA-002686595	g__N075bin59	
1	d__Bacteria	p__Chloroflexota	c__Anaerolineae	o__Anaerolineales	f__DRKV01	g__JAGUYX01	
1	d__Bacteria	p__Pseudomonadota	c__Gammaproteobacteria	o__Burkholderiales	f__SG8-41	g__UBA5216	
4	d__Bacteria	p__Actinomycetota	c__Thermoleophilia	o__Gaiellales	f__Gaiellaceae	g__JACCTU01	
2	d__Bacteria	p__Pseudomonadota	c__Alphaproteobacteria	o__Rhodospirillales_A	f__UXAT02	g__SSA4	
5	d__Bacteria	p__Verrucomicrobiota	c__Verrucomicrobiae	o__Chthoniobacterales	f__Chthoniobacteraceae	g__SXWH01	
5	d__Bacteria	p__Planctomycetota	c__Planctomycetia	o__Gemmatales	f__Gemmataceae	g__Gemmata	
3	d__Bacteria	p__Actinomycetota	c__Acidimicrobiia	o__UBA5794	f__ZC4RG35	g__SZUA-217	
10	d__Bacteria	p__Actinomycetota	c__Acidimicrobiia	o__Acidimicrobiales	f__JACDCH01	g__JACDCH01	
1	d__Bacteria	p__Myxococcota	c__Polyangia	o__Nannocystales	f__Nannocystaceae		
4	d__Bacteria	p__Acidobacteriota	c__Thermoanaerobaculia	o__UBA5704	f__JAIOJS01		
1	d__Bacteria	p__Eisenbacteria	c__RBG-16-71-46	o__RBG-16-71-46	f__RBG-16-71-46	g__WS-3	
16	d__Bacteria	p__Myxococcota	c__Myxococcia	o__Myxococcales	f__Anaeromyxobacteraceae	g__Anaeromyxobacter	
1	d__Bacteria	p__Myxococcota_A	c__UBA9160	o__UBA9160	f__G020347605		
8	d__Bacteria	p__Acidobacteriota	c__Polarisedimenticolia	o__SMYD01	f__SMYD01		
1	d__Bacteria	p__Nitrospirota	c__Nitrospiria	o__Nitrospirales	f__UBA8639	g__UBA8639	
5	d__Bacteria	p__Myxococcota	c__Polyangia	o__Fen-1088	f__Fen-1088		
5	d__Bacteria	p__Verrucomicrobiota	c__Verrucomicrobiae	o__Chthoniobacterales	f__UBA10450		
2	d__Bacteria	p__Pseudomonadota	c__Gammaproteobacteria	o__Burkholderiales	f__Burkholderiaceae	g__Cupriavidus	s__Cupriavidus pickettii_A
4	d__Bacteria	p__Verrucomicrobiota	c__Verrucomicrobiae	o__Chthoniobacterales	f__Chthoniobacteraceae		
3	d__Bacteria	p__KSB1	c__UBA2214	o__DRLW01	f__QEVD01	g__JABWAN01	
3	d__Bacteria	p__Planctomycetota	c__Planctomycetia	o__Gemmatales	f__Gemmataceae	g__JAIBBI01	
2	d__Bacteria	p__Gemmatimonadota	c__Gemmatimonadetes	o__Longimicrobiales	f__UBA6960	g__UBA2982	
4	d__Bacteria	p__Acidobacteriota	c__Blastocatellia	o__UBA7656	f__UBA7656	g__JACQDB01	
4	d__Bacteria	p__Planctomycetota	c__Planctomycetia				
5	d__Bacteria	p__Pseudomonadota	c__Alphaproteobacteria	o__Bin65	f__Bin65	g__SBBV01	
2	d__Bacteria	p__Desulfobacterota_B	c__Binatia	o__JACPRU01	f__JACPRU01		
3	d__Bacteria	p__Acidobacteriota	c__Blastocatellia	o__UBA7656	f__JADIYM01		
2	d__Bacteria	p__Actinomycetota	c__UBA4738	o__AC-67	f__AC-67		
3	d__Bacteria	p__Pseudomonadota	c__Gammaproteobacteria	o__Burkholderiales	f__Rhodocyclaceae	g__Georgfuchsia	
14	d__Archaea	p__Thermoproteota	c__Nitrososphaeria	o__Nitrososphaerales	f__Nitrososphaeraceae	g__Nitrososphaera	
6	d__Bacteria	p__Desulfobacterota_B	c__Binatia	o__UBA1149	f__SPBQ01		
4	d__Bacteria	p__Nitrospirota	c__Nitrospiria	o__Nitrospirales	f__Nitrospiraceae	g__40CM-3-62-11	
1	d__Bacteria	p__Pseudomonadota	c__Alphaproteobacteria	o__Micropepsales	f__Micropepsaceae	g__SZUA-430	
2	d__Bacteria	p__Pseudomonadota	c__Alphaproteobacteria	o__MPNO01			
1	d__Bacteria	p__Planctomycetota	c__UBA1135	o__UBA1135	f__JAKEFM01		
1	d__Bacteria	p__Chloroflexota	c__Anaerolineae	o__Anaerolineales	f__UBA6663		
3	d__Bacteria	p__Acidobacteriota	c__Polarisedimenticolia	o__Gp22-AA2	f__Gp22-AA2	g__JACQNT01	
1	d__Bacteria	p__Bacteroidota	c__UBA10030	o__UBA10030	f__UBA6906		
1	d__Bacteria	p__Acidobacteriota	c__UBA890				
1	d__Bacteria	p__Patescibacteria	c__Microgenomatia	o__GWA2-44-7			
2	d__Bacteria	p__Desulfobacterota_B	c__Binatia	o__UTPRO1	f__UTPRO1		
7	d__Bacteria	p__Acidobacteriota	c__Thermoanaerobaculia	o__UBA5704	f__UBA5704	g__UBA5704	
3	d__Bacteria	p__Chloroflexota	c__Anaerolineae	o__4572-78	f__J111	g__DSQQ01	
5	d__Bacteria	p__Pseudomonadota	c__Alphaproteobacteria	o__Rhizobiales	f__Hyphomicrobiaceae		
1	d__Bacteria	p__Desulfobacterota_B	c__Binatia	o__UBA9968	f__UBA9968	g__2-12-FULL-60-19	
1	d__Bacteria	p__Chloroflexota	c__Anaerolineae	o__Anaerolineales	f__E44-bin32		
2	d__Bacteria	p__Actinomycetota	c__Thermoleophilia	o__Miltoncostaeales	f__Miltoncostaeaceae		
1	d__Bacteria	p__CSP1-3	c__CSP1-3	o__CSP1-3	f__CSP1-3	g__JACQHU01	
1	d__Bacteria	p__Pseudomonadota	c__Gammaproteobacteria	o__JACCXJ01	f__JACCXJ01	g__USCg-Taylor	
1	d__Bacteria	p__Acidobacteriota	c__Terriglobia	o__Terriglobales	f__JACPNR01		
1	d__Bacteria	p__Dependentiae	c__Babeliae	o__Babeliales	f__Vermiphilaceae	g__SOIL31	
2	d__Bacteria	p__Planctomycetota	c__Planctomycetia	o__Planctomycetales	f__Planctomycetaceae		
1	d__Archaea	p__Thermoproteota	c__Nitrososphaeria	o__Nitrososphaerales	f__Nitrosopumilaceae		
1	d__Bacteria	p__Acidobacteriota	c__Vicinamibacteria	o__Bin61			
2	d__Bacteria	p__Verrucomicrobiota	c__Verrucomicrobiae	o__Pedosphaerales	f__UBA3939	g__BOG-1460	
2	d__Bacteria	p__Verrucomicrobiota	c__Verrucomicrobiae	o__Pedosphaerales	f__UBA11358	g__JAMLJH01	
2	d__Bacteria	p__Pseudomonadota	c__Gammaproteobacteria	o__REEB76	f__REEB76		
1	d__Bacteria	p__Myxococcota	c__Polyangia				
2	d__Bacteria	p__Methylomirabilota	c__Methylomirabilia	o__Rokubacteriales	f__CSP1-6	g__40CM-68-15	
1	d__Bacteria	p__Pseudomonadota	c__Gammaproteobacteria	o__Burkholderiales	f__Burkholderiaceae	g__Noviherbaspirillum_B	
2	d__Bacteria	p__Planctomycetota	c__JACOTG01	o__JACOTG01			
1	d__Bacteria	p__Planctomycetota	c__Phycisphaerae	o__UBA1845	f__UBA1845	g__SBAX01	
2	d__Bacteria	p__Planctomycetota	c__UBA8108	o__UBA8108	f__JACQVS01		
2	d__Bacteria	p__Planctomycetota	c__Phycisphaerae	o__UBA1845	f__UBA1845	g__JAJRSP01	
1	d__Bacteria	p__Chloroflexota	c__Anaerolineae	o__UCB3	f__UCB3		
9	d__Bacteria	p__Pseudomonadota	c__Gammaproteobacteria	o__Burkholderiales	f__Burkholderiaceae_B	g__Ramlibacter	
1	d__Bacteria	p__Bacteroidota	c__Bacteroidia	o__Cytophagales	f__Cyclobacteriaceae	g__ELB16-189	
17	d__Bacteria	p__Gemmatimonadota	c__Gemmatimonadetes	o__Longimicrobiales	f__RSA9		
1	d__Bacteria	p__Chloroflexota	c__Dehalococcoidia	o__DSTF01	f__RBG-16-68-14		
2	d__Bacteria	p__Verrucomicrobiota	c__Verrucomicrobiae	o__Pedosphaerales	f__UBA11358		
1	d__Bacteria	p__Acidobacteriota	c__Vicinamibacteria	o__Vicinamibacterales	f__UBA2999	g__JADGOC01	
1	d__Bacteria	p__Planctomycetota	c__MHYJ01	o__MHYJ01	f__JACPRB01	g__JACQFK01	
3	d__Bacteria	p__Planctomycetota	c__UBA1135	o__UBA2386	f__UBA2386		
2	d__Bacteria	p__Chloroflexota	c__Dehalococcoidia	o__DSTF01	f__WHTK01	g__WHTK01	
1	d__Bacteria	p__Acidobacteriota	c__Terriglobia	o__2-12-FULL-54-10	f__2-12-FULL-54-10		
1	d__Bacteria	p__Planctomycetota	c__UBA1135	o__UBA1135	f__GCA-002686595	g__JABFRZ01	
2	d__Bacteria	p__Bacteroidota	c__Bacteroidia	o__AKYH767-A	f__2013-40CM-41-45		
1	d__Bacteria	p__Myxococcota	c__Polyangia	o__Haliangiales			
1	d__Bacteria	p__Bdellovibrionota	c__JALEGL01				
2	d__Bacteria	p__Eisenbacteria	c__RBG-16-71-46	o__JABDJR01			
3	d__Bacteria	p__Pseudomonadota	c__Gammaproteobacteria	o__UBA6522	f__UBA6522		
1	d__Bacteria	p__Planctomycetota	c__JAJSAM01	o__JAKLKS01	f__JAJVHW01		
1	d__Bacteria	p__Chloroflexota	c__Dehalococcoidia	o__DSTF01	f__JACRBR01		
1	d__Bacteria	p__Pseudomonadota	c__Gammaproteobacteria	o__Burkholderiales	f__Usitatibacteraceae		
1	d__Bacteria	p__Pseudomonadota	c__Gammaproteobacteria	o__Burkholderiales	f__Nitrosomonadaceae	g__Nitrosomonas	s__Nitrosomonas sp900100485
1	d__Bacteria	p__Pseudomonadota	c__Alphaproteobacteria	o__Rhizobiales	f__Rhizobiaceae	g__Mesorhizobium	
1	d__Bacteria	p__Patescibacteria	c__Saccharimonadia	o__Saccharimonadales	f__UBA10212_A		
1	d__Bacteria	p__Patescibacteria	c__Paceibacteria	o__UBA6257	f__2-01-FULL-56-20	g__MHLB01	
1	d__Bacteria	p__Gemmatimonadota	c__Gemmatimonadetes	o__Gemmatimonadales	f__GWC2-71-9	g__AG12	
1	d__Bacteria	p__Desulfobacterota_B	c__Binatia	o__UBA9968	f__UBA9968	g__JAJPJQ01	
1	d__Bacteria	p__Acidobacteriota	c__Terriglobia	o__Terriglobales	f__JAHFUA01	g__JAHFUA01	
3	d__Bacteria	p__Methylomirabilota	c__Methylomirabilia	o__Rokubacteriales	f__CSP1-6	g__AR12	
1	d__Bacteria	p__Desulfobacterota_F	c__Desulfuromonadia	o__Desulfuromonadales	f__UBA2197	g__UBA2197	
1	d__Bacteria	p__Desulfobacterota_F	c__Desulfuromonadia	o__Geobacterales	f__Geobacteraceae_A	g__Geomobilibacter	
3	d__Bacteria	p__Bacteroidota	c__Bacteroidia	o__Cytophagales	f__Cyclobacteriaceae	g__Chryseosolibacter	
1	d__Bacteria	p__Actinomycetota	c__Actinomycetia	o__Actinomycetales			
1	d__Bacteria	p__Pseudomonadota	c__Gammaproteobacteria	o__Burkholderiales	f__Rhodocyclaceae	g__DYIB01	
1	d__Bacteria	p__Desulfobacterota_D	c__UBA1144	o__UBA2774			
1	d__Bacteria	p__KSB1	c__UBA2214	o__DRLW01	f__QEVD01	g__DSNU01	
2	d__Bacteria	p__Pseudomonadota	c__Gammaproteobacteria	o__Burkholderiales	f__SG8-40		
1	d__Bacteria	p__Planctomycetota	c__Planctomycetia	o__Pirellulales	f__JALHPA01		
1	d__Bacteria	p__Patescibacteria	c__Microgenomatia	o__UBA1406	f__UBA1406		
1	d__Bacteria	p__Methylomirabilota	c__Methylomirabilia	o__Methylomirabilales	f__CSP1-5	g__CSP1-5	
1	d__Bacteria	p__Pseudomonadota	c__Gammaproteobacteria	o__DSM-16500	f__DSM-16500	g__2-12-FULL-42-10	
1	d__Bacteria	p__Zixibacteria	c__MSB-5A5	o__DSPP01	f__DSPP01	g__DSPP01	
2	d__Bacteria	p__Patescibacteria	c__Paceibacteria	o__UBA9983_A	f__UBA9973	g__UBA9973	
1	d__Bacteria	p__Armatimonadota	c__Fimbriimonadia	o__Fimbriimonadales	f__Fimbriimonadaceae	g__Nitrosymbiomonas	
3	d__Bacteria	p__Bacteroidota	c__Bacteroidia	o__Chitinophagales	f__Chitinophagaceae	g__Niastella	
1	d__Bacteria	p__Pseudomonadota	c__Gammaproteobacteria	o__Burkholderiales	f__Rhodocyclaceae	g__Azonexus	
2	d__Bacteria	p__Desulfobacterota_F	c__Desulfuromonadia	o__Desulfuromonadales	f__JACZKF01		
1	d__Bacteria	p__Pseudomonadota	c__Gammaproteobacteria	o__Acidiferrobacterales	f__SPGG2	g__SZUA-472	
1	d__Bacteria	p__Myxococcota_A					
1	d__Bacteria	p__Chloroflexota	c__Anaerolineae	o__Fen-1058	f__Fen-1058		
1	d__Bacteria	p__Pseudomonadota	c__Gammaproteobacteria	o__Burkholderiales	f__Rhodocyclaceae	g__CG2-30-68-42	
2	d__Bacteria	p__Pseudomonadota	c__Gammaproteobacteria	o__Burkholderiales	f__Rhodocyclaceae		
6	d__Bacteria	p__Chloroflexota	c__Limnocylindria	o__Limnocylindrales	f__CSP1-4	g__SPCO01	
1	d__Bacteria	p__Chloroflexota	c__Limnocylindria	o__P2-11E	f__P2-11E	g__GWC2-70-10	
1	d__Bacteria	p__Desulfobacterota_F	c__Desulfuromonadia	o__Geobacterales	f__Geobacteraceae_A		
1	d__Bacteria	p__Chloroflexota	c__Anaerolineae	o__Anaerolineales	f__UBA6663	g__JADLEU01	
1	d__Bacteria	p__CSP1-3	c__CSP1-3	o__CSP1-3	f__13-1-40CM-64-14	g__SpSt-315	
1	d__Bacteria	p__Pseudomonadota	c__Alphaproteobacteria	o__Sphingomonadales	f__Sphingomonadaceae	g__Sphingomonas_H	
1	d__Bacteria	p__Desulfobacterota_F	c__JACPFL01	o__JACPFL01			
1	d__Archaea	p__Thermoproteota	c__Nitrososphaeria	o__Nitrososphaerales	f__Nitrosopumilaceae	g__Nitrosarchaeum	
5	d__Bacteria	p__Acidobacteriota	c__Thermoanaerobaculia	o__Gp7-AA8	f__Gp7-AA8		
2	d__Bacteria	p__Gemmatimonadota	c__Gemmatimonadetes	o__Gemmatimonadales	f__GWC2-71-9	g__SHZT01	
2	d__Bacteria	p__Actinomycetota	c__Actinomycetia	o__Mycobacteriales	f__Micromonosporaceae	g__Planosporangium	
3	d__Bacteria	p__Actinomycetota	c__Actinomycetia	o__Mycobacteriales	f__Pseudonocardiaceae	g__Actinophytocola	
1	d__Bacteria	p__Patescibacteria	c__Microgenomatia	o__Levybacterales	f__UBA12049		
1	d__Bacteria	p__Patescibacteria	c__Gracilibacteria	o__JAHISY01			
2	d__Bacteria	p__Chloroflexota	c__Dehalococcoidia	o__SM23-28-2	f__RBG-16-64-32	g__CF-162	
1	d__Bacteria	p__Pseudomonadota	c__Gammaproteobacteria	o__Burkholderiales	f__Burkholderiaceae_B	g__Rubrivivax	
1	d__Bacteria	p__Myxococcota	c__Polyangia	o__Polyangiales	f__Polyangiaceae	g__Labilithrix	
1	d__Bacteria	p__Patescibacteria	c__ABY1	o__SG8-24	f__DYFX01	g__DYFX01	
2	d__Bacteria	p__Chloroflexota	c__Anaerolineae	o__Anaerolineales	f__JABWBV01		
1	d__Bacteria	p__Planctomycetota	c__Planctomycetia	o__Pirellulales	f__PLA5		
1	d__Bacteria	p__Pseudomonadota	c__Alphaproteobacteria	o__Acetobacterales	f__Acetobacteraceae	g__Elioraea_A	
2	d__Bacteria	p__Pseudomonadota	c__Alphaproteobacteria	o__Ferrovibrionales	f__Ferrovibrionaceae	g__SYSU-D60015	
1	d__Bacteria	p__Verrucomicrobiota	c__Verrucomicrobiae	o__Verrucomicrobiales	f__DEV007		
3	d__Bacteria	p__Bacteroidota	c__Bacteroidia	o__Chitinophagales	f__Chitinophagaceae	g__Flavisolibacter_B	
2	d__Bacteria	p__Acidobacteriota	c__Thermoanaerobaculia	o__UBA5704	f__UBA5704		
4	d__Bacteria	p__Pseudomonadota	c__Gammaproteobacteria	o__Pseudomonadales	f__Pseudomonadaceae	g__Pseudomonas_E	
1	d__Bacteria	p__Zixibacteria	c__MSB-5A5				
1	d__Bacteria	p__Chlamydiota	c__Chlamydiia	o__Chlamydiales	f__SM23-39		
4	d__Bacteria	p__Patescibacteria	c__Saccharimonadia	o__Saccharimonadales	f__EFPC-124		
1	d__Bacteria	p__Patescibacteria	c__Microgenomatia	o__Levybacterales	f__UBA12049	g__JAHFKF01	
1	d__Bacteria	p__Actinomycetota	c__Acidimicrobiia	o__IMCC26256	f__PALSA-555		
1	d__Bacteria	p__Chloroflexota	c__Anaerolineae	o__Fen-1058	f__Fen-1058	g__Fen-1058	
1	d__Bacteria	p__Chloroflexota	c__Chloroflexia	o__Chloroflexales	f__Roseiflexaceae	g__SDU3-3	s__SDU3-3 sp009268125
1	d__Bacteria	p__Bacteroidota	c__Bacteroidia	o__Cytophagales	f__Hymenobacteraceae	g__Adhaeribacter_A	
1	d__Bacteria	p__Bacteroidota	c__Bacteroidia	o__Chitinophagales	f__Chitinophagaceae	g__Lacibacter	
5	d__Bacteria	p__Pseudomonadota	c__Gammaproteobacteria	o__Burkholderiales	f__Burkholderiaceae_B	g__VBDL01	
1	d__Bacteria	p__Verrucomicrobiota	c__Verrucomicrobiae				
2	d__Bacteria	p__Bacteroidota	c__Bacteroidia	o__Flavobacteriales	f__Crocinitomicaceae	g__Fluviicola	
2	d__Bacteria	p__Pseudomonadota	c__Gammaproteobacteria	o__Steroidobacterales	f__Steroidobacteraceae	g__JAEYXD01	
1	d__Bacteria	p__Verrucomicrobiota	c__Verrucomicrobiae	o__Opitutales	f__UBA953		
3	d__Bacteria	p__Bacteroidota	c__Bacteroidia	o__Chitinophagales	f__Chitinophagaceae	g__SXYR01	
1	d__Bacteria	p__Pseudomonadota	c__Gammaproteobacteria	o__Enterobacterales_A	f__Aeromonadaceae	g__Aeromonas	s__Aeromonas sanarellii
6	d__Bacteria	p__Bacteroidota	c__Bacteroidia	o__Chitinophagales	f__Chitinophagaceae	g__Phnomibacter	
1	d__Bacteria	p__Actinomycetota	c__Actinomycetia	o__Mycobacteriales	f__Micromonosporaceae	g__Pilimelia	
1	d__Bacteria	p__Actinomycetota	c__Thermoleophilia	o__Solirubrobacterales	f__70-9	g__AC-56	
4	d__Bacteria	p__Actinomycetota	c__Thermoleophilia	o__Solirubrobacterales	f__Solirubrobacteraceae		
1	d__Bacteria	p__Actinomycetota	c__UBA4738	o__CADDZG01	f__WHSQ01	g__MB1-2	
3	d__Bacteria	p__Actinomycetota	c__UBA4738	o__UBA4738	f__HRBIN12	g__AC-51	
3	d__Bacteria	p__Actinomycetota	c__Thermoleophilia	o__Gaiellales	f__Gaiellaceae		
4	d__Bacteria	p__Actinomycetota	c__Actinomycetia				
5	d__Bacteria	p__Acidobacteriota	c__Blastocatellia	o__Pyrinomonadales	f__Pyrinomonadaceae	g__QHXN01	
4	d__Bacteria	p__Acidobacteriota	c__HRBIN11	o__JAKEFK01	f__JAKEFK01	g__JAKEFK01	
1	d__Bacteria	p__Actinomycetota	c__Thermoleophilia	o__Solirubrobacterales			
1	d__Archaea	p__Thermoproteota	c__Nitrososphaeria	o__Nitrososphaerales	f__Nitrososphaeraceae	g__TH1177	s__TH1177 sp014523515
1	d__Bacteria	p__Chloroflexota	c__Limnocylindria	o__Limnocylindrales	f__CSP1-4	g__CSP1-4	
2	d__Bacteria	p__Actinomycetota	c__Thermoleophilia	o__Solirubrobacterales	f__Thermoleophilaceae		
1	d__Bacteria	p__Planctomycetota	c__Planctomycetia	o__Gemmatales	f__Gemmataceae	g__JAKEFD01	
1	d__Bacteria	p__Bacteroidota	c__Bacteroidia	o__Bacteroidales	f__UBA10428	g__UBA5072	
1	d__Bacteria	p__Patescibacteria	c__Saccharimonadia	o__Saccharimonadales	f__Saccharimonadaceae	g__Saccharimonas	
2	d__Bacteria	p__Pseudomonadota	c__Gammaproteobacteria	o__Xanthomonadales	f__Xanthomonadaceae	g__Pseudoxanthomonas_A	
2	d__Bacteria	p__Chloroflexota	c__Anaerolineae	o__Anaerolineales	f__Anaerolineaceae	g__DSYU01	
1	d__Bacteria	p__Acidobacteriota	c__Vicinamibacteria	o__Vicinamibacterales	f__UBA2999	g__CADEFD01	
1	d__Bacteria	p__Armatimonadota	c__Fimbriimonadia	o__Fimbriimonadales	f__ATM1	g__JACDEQ01	
1	d__Bacteria	p__Acidobacteriota	c__Vicinamibacteria	o__Vicinamibacterales	f__Fen-181		
2	d__Bacteria	p__Pseudomonadota	c__Gammaproteobacteria	o__Methylococcales	f__Methylomonadaceae	g__Methylomicrobium	
1	d__Bacteria	p__Myxococcota	c__Myxococcia	o__Myxococcales	f__Anaeromyxobacteraceae	g__JADKCZ01	
1	d__Bacteria	p__Bacteroidota	c__Bacteroidia	o__Bacteroidales	f__JAAUTT01	g__JAAUTT01	
1	d__Bacteria	p__Verrucomicrobiota	c__Verrucomicrobiae	o__Opitutales	f__Opitutaceae	g__JADKHC01	
2	d__Bacteria	p__Desulfobacterota_E	c__Deferrimicrobia	o__Deferrimicrobiales	f__Deferrimicrobiaceae	g__Deferrimicrobium	
1	d__Bacteria	p__Acidobacteriota	c__Blastocatellia	o__Pyrinomonadales	f__Pyrinomonadaceae	g__JAFDVJ01	
1	d__Bacteria	p__Pseudomonadota	c__Alphaproteobacteria	o__Rhodospirillales_A	f__UXAT02		
1	d__Bacteria	p__Acidobacteriota	c__Vicinamibacteria	o__Vicinamibacterales	f__Fen-181	g__FEN-299	
1	d__Bacteria	p__Acidobacteriota	c__Terriglobia	o__Bryobacterales	f__Bryobacteraceae	g__JACADU01	
2	d__Bacteria	p__Actinomycetota	c__Thermoleophilia	o__Solirubrobacterales	f__70-9		
1	d__Bacteria	p__Patescibacteria	c__Saccharimonadia	o__Saccharimonadales	f__JAGQNK01	g__JAGQNK01	
2	d__Bacteria	p__Actinomycetota	c__Acidimicrobiia	o__Acidimicrobiales	f__Ilumatobacteraceae	g__Desertimonas	
3	d__Bacteria	p__Actinomycetota	c__Thermoleophilia	o__Gaiellales	f__Gaiellaceae	g__PALSA-612	
2	d__Bacteria	p__Actinomycetota	c__Actinomycetia	o__Mycobacteriales	f__Pseudonocardiaceae	g__Pseudonocardia	
1	d__Bacteria	p__Pseudomonadota	c__Alphaproteobacteria	o__Rhizobiales	f__Beijerinckiaceae		
1	d__Bacteria	p__Actinomycetota	c__Thermoleophilia	o__Gaiellales	f__Gaiellaceae	g__Gaiella	
1	d__Bacteria	p__Myxococcota	c__Polyangia	o__Polyangiales	f__Polyangiaceae	g__SZUA-265	
1	d__Bacteria	p__Chloroflexota	c__Chloroflexia	o__Chloroflexales	f__Roseiflexaceae		
1	d__Bacteria	p__Pseudomonadota	c__Alphaproteobacteria	o__Caulobacterales	f__Caulobacteraceae	g__Caulobacter	
1	d__Bacteria	p__Planctomycetota	c__Planctomycetia	o__Pirellulales	f__Pirellulaceae	g__VGZC01	
1	d__Bacteria	p__Patescibacteria	c__Paceibacteria	o__UBA9983_A	f__EsbW-18		
1	d__Bacteria	p__Patescibacteria	c__Paceibacteria	o__UBA6257	f__UBA9933		
3	d__Bacteria	p__Patescibacteria	c__Microgenomatia	o__GWA2-44-7	f__UBA8517		
1	d__Bacteria	p__Gemmatimonadota	c__Gemmatimonadetes	o__Gemmatimonadales	f__Gemmatimonadaceae	g__SCN-70-22	
1	d__Bacteria	p__Bacteroidota	c__UBA10030	o__UBA10030	f__UBA6906	g__JAGDMJ01	
2	d__Bacteria	p__Bacteroidota	c__Ignavibacteria	o__Ignavibacteriales	f__Ignavibacteriaceae	g__UBA6490	
1	d__Bacteria	p__Planctomycetota	c__Phycisphaerae	o__Phycisphaerales	f__UBA1924	g__PNC22	
1	d__Bacteria	p__Chloroflexota	c__Anaerolineae	o__Aggregatilineales	f__Aggregatilineaceae	g__JACRBK01	
1	d__Bacteria	p__Verrucomicrobiota	c__Verrucomicrobiae	o__Opitutales	f__Opitutaceae	g__Lacunisphaera	
1	d__Bacteria	p__Armatimonadota	c__CAIYQO01	o__WVXJ01			
2	d__Bacteria	p__Acidobacteriota	c__Vicinamibacteria	o__Vicinamibacterales	f__2-12-FULL-66-21	g__JACPDI01	
2	d__Bacteria	p__Gemmatimonadota	c__Gemmatimonadetes	o__Longimicrobiales	f__RSA9	g__VEPF01	
1	d__Bacteria	p__Nitrospirota	c__UBA9217	o__JACRHJ01	f__JACRHJ01		
1	d__Bacteria	p__AABM5-125-24	c__RPQS01	o__RPQS01	f__RPQS01		
1	d__Bacteria	p__Gemmatimonadota	c__Gemmatimonadetes	o__Gemmatimonadales	f__JACORV01	g__JACORV01	
1	d__Bacteria	p__Desulfobacterota_E	c__Deferrimicrobia	o__Deferrimicrobiales	f__Deferrimicrobiaceae	g__JAENIX01	
1	d__Bacteria	p__Verrucomicrobiota	c__Verrucomicrobiae	o__Pedosphaerales	f__UBA1319	g__CAIMWS01	
1	d__Bacteria	p__Myxococcota	c__Polyangia	o__GCA-2747355	f__JAKLHH01		
2	d__Bacteria	p__Acidobacteriota	c__Thermoanaerobaculia	o__Gp7-AA8	f__Gp7-AA8	g__JAENWF01	
1	d__Bacteria	p__Verrucomicrobiota	c__Verrucomicrobiae	o__Pedosphaerales	f__JAHDYP01	g__JAHDYP01	
1	d__Bacteria	p__Planctomycetota	c__Planctomycetia	o__Pirellulales	f__Lacipirellulaceae		
3	d__Bacteria	p__Pseudomonadota	c__Gammaproteobacteria	o__Steroidobacterales	f__Steroidobacteraceae	g__Steroidobacter_A	
1	d__Bacteria	p__Patescibacteria	c__Paceibacteria	o__UBA9983_A	f__XYD1-FULL-46-19		
1	d__Bacteria	p__Planctomycetota	c__Phycisphaerae	o__Sedimentisphaerales	f__SG8-4	g__PLanc-01	
1	d__Bacteria	p__Methylomirabilota	c__Methylomirabilia	o__Methylomirabilales	f__2-02-FULL-66-22		
2	d__Bacteria	p__Acidobacteriota	c__Terriglobia	o__Bryobacterales	f__Bryobacteraceae	g__JAMCRM01	
2	d__Bacteria	p__Actinomycetota	c__Actinomycetia	o__JACCUZ01	f__JACCUZ01	g__JACCUZ01	
1	d__Bacteria	p__Desulfobacterota	c__Desulfobulbia	o__Desulfobulbales	f__Desulfurivibrionaceae	g__VMSU01	
4	d__Bacteria	p__Pseudomonadota	c__Gammaproteobacteria	o__Steroidobacterales	f__Steroidobacteraceae	g__JADGHX01	
1	d__Bacteria	p__Patescibacteria	c__Microgenomatia	o__Daviesbacterales	f__UBA10151		
1	d__Bacteria	p__Patescibacteria	c__Microgenomatia	o__GCA-001788215	f__2-01-FULL-40-14	g__2-01-FULL-40-14	
1	d__Bacteria	p__Pseudomonadota	c__Gammaproteobacteria	o__Burkholderiales	f__Rhodocyclaceae	g__JACRPB01	
1	d__Bacteria	p__Patescibacteria	c__Paceibacteria	o__UBA9983_A	f__Zambryskibacteraceae	g__UBA5004	
1	d__Bacteria	p__Patescibacteria	c__Microgenomatia	o__UBA1406	f__GWC2-37-13		
2	d__Bacteria	p__Methylomirabilota	c__Methylomirabilia	o__Methylomirabilales	f__2-02-FULL-66-22	g__2-02-FULL-66-22	
1	d__Bacteria	p__Planctomycetota	c__Phycisphaerae	o__SM23-33	f__SM23-33		
1	d__Bacteria	p__Pseudomonadota	c__Alphaproteobacteria	o__Caulobacterales	f__Hyphomonadaceae	g__UBA7672	
2	d__Bacteria	p__Acidobacteriota	c__UBA6911	o__RPQK01	f__RPQK01	g__RPQK01	
1	d__Bacteria	p__Acidobacteriota	c__Terriglobia	o__Bryobacterales	f__Bryobacteraceae	g__JACQZT01	
1	d__Bacteria	p__Gemmatimonadota	c__Gemmatimonadetes	o__Gemmatimonadales	f__JACORV01		
1	d__Bacteria	p__Desulfobacterota_E	c__Deferrimicrobia	o__Deferrimicrobiales	f__Deferrimicrobiaceae	g__UBA2219	
1	d__Bacteria	p__Myxococcota_A	c__UBA9160	o__UBA9160	f__PR03	g__PR03	
1	d__Bacteria						
1	d__Bacteria	p__Desulfobacterota	c__Syntrophia	o__Syntrophales	f__UBA4778	g__UBA2192	
1	d__Bacteria	p__Myxococcota_A	c__UBA9160	o__UBA9160	f__UBA9160		
1	d__Bacteria	p__Desulfobacterota	c__Desulfobacteria	o__Desulfobacterales	f__UBA2174_A	g__SpSt-501	
1	d__Bacteria	p__Desulfobacterota_C	c__Deferrisomatia	o__Deferrisomatales	f__JACRMM01		
1	d__Bacteria	p__Elusimicrobiota	c__Elusimicrobia	o__F11	f__F11		
1	d__Bacteria	p__JAGRBM01	c__JAGRBM01				
1	d__Bacteria	p__Acidobacteriota	c__Terriglobia	o__Bryobacterales	f__Bryobacteraceae	g__JACMLA01	
2	d__Bacteria	p__Verrucomicrobiota	c__Verrucomicrobiae	o__Pedosphaerales	f__SXQI01		
2	d__Bacteria	p__Acidobacteriota	c__Terriglobia	o__Terriglobales	f__JAIQGF01		
1	d__Archaea	p__Nanoarchaeota	c__Nanoarchaeia	o__Pacearchaeales	f__GW2011-AR1	g__JAGVXH01	
1	d__Archaea	p__Iainarchaeota	c__Iainarchaeia	o__Iainarchaeales	f__JAGVWC01	g__JAGVWC01	
1	d__Archaea	p__Thermoproteota	c__Nitrososphaeria	o__Nitrososphaerales	f__Nitrosopumilaceae	g__Nitrosotenuis	
1	d__Archaea	p__Halobacteriota	c__Methanosarcinia	o__Methanotrichales	f__Methanotrichaceae		
1	d__Archaea	p__Thermoproteota	c__Bathyarchaeia	o__TCS64	f__TCS64	g__UBA8941	
2	d__Bacteria	p__Acidobacteriota	c__Polarisedimenticolia	o__QHYA01	f__QHYA01		
1	d__Bacteria	p__Patescibacteria	c__Doudnabacteria	o__UBA920	f__UBA920		
1	d__Bacteria	p__Myxococcota	c__Polyangia	o__Polyangiales			
1	d__Bacteria	p__Bacteroidota	c__Bacteroidia	o__Cytophagales	f__Cyclobacteriaceae	g__Ohtaekwangia	s__Ohtaekwangia sp021190955
1	d__Bacteria	p__Pseudomonadota	c__Alphaproteobacteria	o__MPNO01	f__MPNO01		
1	d__Bacteria	p__Acidobacteriota	c__Thermoanaerobaculia	o__UBA5704	f__UBA5704	g__CALZKB01	
2	d__Bacteria	p__Pseudomonadota	c__Gammaproteobacteria	o__Nevskiales	f__Nevskiaceae	g__JACPFV01	
1	d__Bacteria	p__Planctomycetota	c__Phycisphaerae	o__UBA1845	f__UTPLA1		
1	d__Bacteria	p__Chloroflexota	c__Ktedonobacteria	o__Ktedonobacterales	f__Ktedonobacteraceae		
1	d__Bacteria	p__Verrucomicrobiota	c__Verrucomicrobiae	o__Pedosphaerales	f__UBA11358	g__SCTL01	
1	d__Bacteria	p__Planctomycetota	c__UBA1135	o__UBA2386	f__UBA2386	g__JADZDL01	
3	d__Bacteria	p__Actinomycetota					
1	d__Bacteria	p__Planctomycetota	c__Planctomycetia	o__Pan216	f__Pan216		
1	d__Bacteria	p__Bacteroidota	c__Kapabacteria	o__Palsa-1295	f__Palsa-1295		
1	d__Bacteria	p__Actinomycetota	c__Actinomycetia	o__Actinomycetales	f__Kineosporiaceae		
2	d__Bacteria	p__Pseudomonadota	c__Alphaproteobacteria	o__Reyranellales			
1	d__Bacteria	p__Patescibacteria	c__Saccharimonadia	o__Saccharimonadales	f__UBA10212		
3	d__Bacteria	p__Pseudomonadota	c__Gammaproteobacteria	o__Burkholderiales	f__Methylophilaceae	g__Methylotenera	
3	d__Bacteria	p__Actinomycetota	c__Actinomycetia	o__Mycobacteriales	f__JADGOU01		
1	d__Bacteria	p__Actinomycetota	c__Actinomycetia	o__Actinomycetales	f__Dermatophilaceae	g__Lapillicoccus	
2	d__Bacteria	p__Actinomycetota	c__Actinomycetia	o__Actinomycetales	f__Dermatophilaceae	g__Ornithinibacter	
2	d__Bacteria	p__Bacteroidota	c__Bacteroidia	o__Cytophagales	f__Cyclobacteriaceae	g__Ohtaekwangia	
3	d__Bacteria	p__Actinomycetota	c__Actinomycetia	o__Actinomycetales	f__Microbacteriaceae	g__Microbacterium	
4	d__Bacteria	p__Patescibacteria	c__Saccharimonadia	o__Saccharimonadales	f__UBA1547	g__UBA6022	
3	d__Bacteria	p__Bacteroidota	c__Bacteroidia	o__Sphingobacteriales	f__Sphingobacteriaceae	g__Daejeonella	
2	d__Bacteria	p__Pseudomonadota	c__Gammaproteobacteria	o__Burkholderiales	f__Burkholderiaceae	g__Telluria	
3	d__Bacteria	p__Pseudomonadota	c__Gammaproteobacteria	o__Xanthomonadales	f__Xanthomonadaceae	g__Chiayiivirga	
1	d__Bacteria	p__Acidobacteriota	c__Blastocatellia	o__Pyrinomonadales	f__Pyrinomonadaceae	g__JAIVJM01	
1	d__Bacteria	p__Bacteroidota	c__Bacteroidia	o__Cytophagales	f__Spirosomaceae	g__Dyadobacter	
2	d__Bacteria	p__Pseudomonadota	c__Gammaproteobacteria	o__Burkholderiales	f__Burkholderiaceae_B	g__LMDS01	
1	d__Bacteria	p__Actinomycetota	c__Actinomycetia	o__Propionibacteriales	f__Nocardioidaceae	g__Nocardioides	
1	d__Bacteria	p__Patescibacteria	c__Saccharimonadia	o__Saccharimonadales	f__UBA5946	g__UBA5946	
9	d__Bacteria	p__Bacteroidota	c__Bacteroidia	o__Chitinophagales	f__Chitinophagaceae	g__Ferruginibacter	
1	d__Bacteria	p__Gemmatimonadota	c__Gemmatimonadetes	o__Longimicrobiales	f__Longimicrobiaceae		
1	d__Bacteria	p__Patescibacteria	c__Saccharimonadia	o__UBA4664	f__UBA4664	g__UBA5169	
2	d__Bacteria	p__Bacteroidota	c__Bacteroidia	o__Chitinophagales	f__Chitinophagaceae	g__JACDAZ01	
4	d__Bacteria	p__Pseudomonadota	c__Gammaproteobacteria	o__Xanthomonadales	f__Ahniellaceae		
1	d__Bacteria	p__Actinomycetota	c__Acidimicrobiia	o__Acidimicrobiales	f__CADCSY01	g__JAEKLB01	
1	d__Bacteria	p__Actinomycetota	c__Acidimicrobiia	o__Acidimicrobiales	f__UBA8139		
2	d__Bacteria	p__Patescibacteria	c__Saccharimonadia	o__Saccharimonadales	f__UBA4665	g__JAGQNR01	
3	d__Bacteria	p__Acidobacteriota	c__Blastocatellia	o__Pyrinomonadales	f__Pyrinomonadaceae	g__QHXM01	
1	d__Bacteria	p__Patescibacteria	c__Saccharimonadia	o__Saccharimonadales	f__AMD01		
1	d__Bacteria	p__Pseudomonadota	c__Alphaproteobacteria	o__Rickettsiales	f__UBA3002	g__QFOX01	
1	d__Bacteria	p__Chloroflexota	c__UBA6077	o__UBA6077	f__JACCZL01	g__JADZEM01	
1	d__Bacteria	p__Bacteroidota	c__Bacteroidia	o__AKYH767-A	f__2013-40CM-41-45	g__JADZBN01	
1	d__Bacteria	p__Patescibacteria	c__Saccharimonadia	o__Saccharimonadales	f__JACDFO01		
1	d__Bacteria	p__Pseudomonadota	c__Alphaproteobacteria	o__Rhizobiales	f__Hyphomicrobiaceae	g__Hyphomicrobium_A	
1	d__Bacteria	p__Patescibacteria	c__Saccharimonadia	o__Saccharimonadales	f__UBA1547	g__JALRBM01	
1	d__Bacteria	p__Patescibacteria	c__Saccharimonadia	o__UBA4664	f__JAHWKN01		
1	d__Bacteria	p__Pseudomonadota	c__Gammaproteobacteria	o__Burkholderiales	f__Rhodocyclaceae	g__Aromatoleum	
1	d__Bacteria	p__Pseudomonadota	c__Gammaproteobacteria	o__Xanthomonadales	f__Xanthomonadaceae	g__JAKPBU01	
4	d__Bacteria	p__Pseudomonadota	c__Alphaproteobacteria	o__Caulobacterales	f__Caulobacteraceae	g__CAISYT01	
3	d__Bacteria	p__Bacteroidota	c__Bacteroidia	o__Flavobacteriales	f__Flavobacteriaceae	g__Flavobacterium	
1	d__Bacteria	p__Chloroflexota	c__Chloroflexia	o__Thermomicrobiales	f__UBA6265		
1	d__Bacteria	p__Verrucomicrobiota	c__Verrucomicrobiae	o__Chthoniobacterales	f__UBA10450	g__AV69	
1	d__Bacteria	p__Dependentiae	c__Babeliae	o__Babeliales	f__Vermiphilaceae		
1	d__Bacteria	p__Verrucomicrobiota	c__Verrucomicrobiae	o__Chthoniobacterales	f__Chthoniobacteraceae	g__VFJQ01	
6	d__Bacteria	p__Pseudomonadota	c__Gammaproteobacteria	o__Xanthomonadales	f__Xanthomonadaceae	g__CFH-32150	
2	d__Bacteria	p__Verrucomicrobiota	c__Verrucomicrobiae	o__Pedosphaerales	f__UBA8199	g__PSRM01	
1	d__Bacteria	p__Bacteroidota	c__Bacteroidia	o__Chitinophagales	f__UBA10324	g__BJGO01	
1	d__Bacteria	p__Actinomycetota	c__Acidimicrobiia	o__Acidimicrobiales	f__AC-14	g__CADCTB01	
1	d__Bacteria	p__Verrucomicrobiota	c__Verrucomicrobiae	o__Chthoniobacterales	f__UBA10450	g__JACCTI01	
2	d__Bacteria	p__Pseudomonadota	c__Gammaproteobacteria	o__Burkholderiales	f__Burkholderiaceae_B	g__Polaromonas	
2	d__Bacteria	p__Pseudomonadota	c__Alphaproteobacteria	o__Rhizobiales	f__Rhizobiaceae	g__RCIZ01	
1	d__Bacteria	p__Planctomycetota	c__UBA11346	o__UBA11346	f__UBA11346	g__BOG-1363	
1	d__Bacteria	p__Pseudomonadota	c__Gammaproteobacteria	o__Pseudomonadales	f__UBA7239	g__UBA7239	
1	d__Bacteria	p__Actinomycetota	c__Acidimicrobiia	o__Acidimicrobiales	f__Ilumatobacteraceae	g__JAENVT01	
1	d__Bacteria	p__Bacteroidota	c__Bacteroidia	o__Cytophagales	f__Cyclobacteriaceae	g__UBA2336	
1	d__Bacteria	p__Actinomycetota	c__Actinomycetia	o__Actinomycetales	f__Micrococcaceae	g__Arthrobacter	s__Arthrobacter sp009741265
1	d__Bacteria	p__Pseudomonadota	c__Gammaproteobacteria	o__Burkholderiales	f__Burkholderiaceae	g__Noviherbaspirillum_A	
1	d__Bacteria	p__Pseudomonadota	c__Gammaproteobacteria	o__Burkholderiales	f__Burkholderiaceae		
1	d__Bacteria	p__Planctomycetota	c__Phycisphaerae	o__Tepidisphaerales	f__Tepidisphaeraceae	g__Humisphaera	
1	d__Bacteria	p__Pseudomonadota	c__Gammaproteobacteria	o__Burkholderiales	f__Burkholderiaceae_B	g__Albitalea	
1	d__Bacteria	p__Pseudomonadota	c__Gammaproteobacteria	o__Burkholderiales	f__Nitrosomonadaceae	g__Nitrosospira	s__Nitrosospira sp900142705
1	d__Bacteria	p__Pseudomonadota	c__Alphaproteobacteria	o__Sphingomonadales	f__Sphingomonadaceae	g__Qipengyuania	
1	d__Bacteria	p__Verrucomicrobiota	c__Verrucomicrobiae	o__Pedosphaerales	f__SIBH01	g__SIBH01	
1	d__Bacteria	p__Pseudomonadota	c__Gammaproteobacteria	o__Burkholderiales	f__Burkholderiaceae_A	g__Lautropia	
1	d__Bacteria	p__Actinomycetota	c__Acidimicrobiia	o__Acidimicrobiales	f__Ilumatobacteraceae	g__Sva-07	
1	d__Bacteria	p__Pseudomonadota	c__Gammaproteobacteria	o__Xanthomonadales	f__Xanthomonadaceae	g__Stenotrophomonas	s__Stenotrophomonas rhizophila_A
1	d__Bacteria	p__Patescibacteria	c__Saccharimonadia	o__Saccharimonadales	f__UBA5946		
