sample	Chao1	Simpson	Shannon
SRR25158350	2815.9550270914356	0.9713600042674609	6.893876171892876
SRR25158304	2518.101708637826	0.9713105472763185	6.556216983897471
SRR25158536	3913.855805020642	0.9713236422716255	7.321939959236686
SRR25158444	4700.1534022685	0.9713833177063067	7.310065767025665
SRR25158393	4808.474763208009	0.9713783741648706	7.4245900311687265
SRR25158420	3179.5358745688354	0.9713616132665631	7.117364212896132
SRR25158531	4119.166297352791	0.9713799534323597	7.2451664191783935
SRR25158458	4082.4399340972855	0.9713940393659974	7.280782828256156
SRR25158221	6211.863634367141	0.9713837487378418	7.699668717367376
SRR25158489	4596.529797887005	0.9713616966618481	7.428149872228019
SRR25158365	5061.753722782298	0.9713752302145304	7.603557274951085
SRR25158336	2490.795905678041	0.9713642026017383	6.582400259204051
SRR25158282	5866.065790120779	0.9713803076066613	7.6967098556823865
SRR25158252	3547.718908181665	0.9713704717744741	7.130964912332454
SRR25158291	3339.9885567414844	0.9713387992117809	6.795673994376814
SRR25158190	5236.883210602234	0.9713635051696438	7.434258546765807
SRR25158362	6102.656388058392	0.9713644442767556	7.579025717697228
SRR25158226	3421.344294091779	0.9713125372937688	7.248189981057366
SRR25158376	4931.929955058435	0.9713683187782367	7.448259456435028
SRR25158249	3889.3015219496538	0.9713039033877814	7.283884521967173
SRR25158320	4842.969407103772	0.9713528319205539	7.4547356731582175
SRR25158384	4579.597114392889	0.9713787353885874	7.409424758308048
SRR25158484	4681.504821088934	0.9713711314340575	7.401759998791592
SRR25158389	5016.452024134497	0.9714011716601045	7.470686363286747
SRR25158523	5092.2350765789815	0.9713801644528656	7.4260271361563
SRR25158316	4424.024392273046	0.9713315423873223	7.388643452324551
SRR25158191	3973.0057358205127	0.9713800707759827	7.295028164980258
SRR25158452	2737.311724703779	0.9713562397301511	6.803082500486722
SRR25158381	4569.967078038019	0.9713983179696598	7.375833507158363
SRR25158428	5459.211474275881	0.9713712735249685	7.406325696274902
SRR25158448	4029.4028426937252	0.9713675359097222	7.256209265182221
SRR25158329	3685.926473072187	0.971337217797452	7.209405077497921
SRR25158219	5198.881835406563	0.9713818418079506	7.5056287665918875
SRR25158205	3093.6006182339556	0.9712741200302003	7.001484164061159
SRR25158386	3007.901392851884	0.9713993734043334	6.953623880313742
SRR25158218	5774.948683081061	0.9713714421159678	7.543650302200608
SRR25158468	4843.550055366997	0.9713797253823533	7.45441128326862
SRR25158209	6079.510717186498	0.9713739048161346	7.599403043572894
SRR25158286	5181.666905623814	0.9713846650687293	7.549319341069018
SRR25158328	3779.120877030691	0.9713536586198801	7.30258564913186
SRR25158256	3895.9203483108017	0.9713033680863915	7.27335569635541
SRR25158203	4154.206267830713	0.9713840851029157	7.241376970161525
SRR25158493	5862.812749004978	0.971348777911622	7.548276520030476
SRR25158330	4229.69079709916	0.9713515020010924	7.342628398513298
SRR25158392	3054.3924598563513	0.9713564124042895	6.981200718883743
SRR25158307	3116.5880809747	0.9713197633221613	7.026321492556619
SRR25158450	1910.4877792245595	0.9713525346764142	6.084767806976314
SRR25158220	5417.41708109773	0.9713695909774809	7.5002917114615375
SRR25158371	4476.357378673251	0.9713667872900007	7.365456144911297
SRR25158251	4028.6849239708754	0.9712999740727074	7.298133599348845
SRR25158471	2251.4418865688763	0.9713358390189971	6.53860337951725
SRR25158333	4685.169621866145	0.9713285873026921	7.4592508937928335
SRR25158242	4670.417401471192	0.9713889424939487	7.435815195827357
SRR25158422	3485.1841368792584	0.9713713224252426	7.122787648775278
SRR25158182	4137.92276220928	0.9713854795114283	7.2717701024011365
SRR25158408	4765.345098088963	0.9713759514689202	7.336883762903317
SRR25158397	4141.595388084724	0.9713947172185741	7.292015018429317
SRR25158295	4024.337274235527	0.9713636860845838	7.284257478434453
SRR25158250	2482.5193616121596	0.9713281282321302	6.524289825221526
SRR25158467	4344.47396453951	0.9713755762096942	7.36313028525064
SRR25158262	2240.7221421009585	0.9713383309721787	6.431872851016605
SRR25158261	2347.6833064652897	0.9712730440163596	6.552982437049515
SRR25158401	5135.4512102030585	0.9713875697310442	7.4982467693046795
SRR25158455	4651.0571388991775	0.9713910266764061	7.376417449076788
SRR25158187	2871.9997129499984	0.9713700765405302	7.0067215379238945
SRR25158402	2775.9993854010195	0.9713769907226262	6.8409873638310605
SRR25158235	5969.255798450491	0.9713456310630478	7.578208409443932
SRR25158353	2349.955247698139	0.9712856569508242	6.597675541545371
SRR25158255	3897.5520587602787	0.9712866407508026	7.356555890996564
SRR25158239	4615.293799204647	0.9713765343795938	7.434517618624
SRR25158424	3310.484101481157	0.9713466720999143	7.1523972582555455
SRR25158477	4966.984959094853	0.9713715150333334	7.418707138410441
SRR25158372	2375.8939880978332	0.9713745980018158	6.790828568979155
SRR25158186	3498.564351306726	0.9713549910826749	7.1952160505876686
SRR25158327	4423.908386100476	0.971369712767828	7.3868155589604365
SRR25158274	5280.535634427141	0.9713618151818693	7.431986332845856
SRR25158364	5876.30967122608	0.9713800126002893	7.604199680248016
SRR25158202	3653.404341997028	0.9713712281874856	7.155794063686493
SRR25158290	4189.695347370789	0.9713851375487659	7.010556098498535
SRR25158485	4785.718685216329	0.9713767998470234	7.45079307547312
SRR25158394	4503.854026710342	0.9713775907714505	7.419209377137403
SRR25158474	4395.669571577588	0.971403836130504	7.2991953197010755
SRR25158472	4025.8268088688615	0.9713666410468648	7.268974091045105
SRR25158517	4760.160442934628	0.9713506248279318	7.430726596287903
SRR25158470	3481.129721495415	0.9713825971228994	7.088049163837375
SRR25158277	6270.245437715463	0.9713611410066626	7.499779418450924
SRR25158266	2146.3697598343815	0.9712593157790167	6.586023446734994
SRR25158388	4910.137166814445	0.9713677462188367	7.419071268453255
SRR25158265	2367.7270445657596	0.9712942499801831	6.523006481764089
SRR25158519	4799.23860902094	0.9713601977710657	7.43259981680911
SRR25158198	3711.3526483875216	0.9713514350261551	7.223985340554035
SRR25158237	5450.7556053239305	0.9713682922589669	7.43377606886437
SRR25158183	4871.567931626182	0.9713573926770113	7.414840668774293
SRR25158512	3786.695084088552	0.9713599734944809	7.162199122560015
SRR25158529	4173.511902508402	0.9713758218722462	7.259672004773686
SRR25158210	6157.145666956159	0.9713767316258519	7.708541606656375
SRR25158380	4176.874817138609	0.971389184041238	7.287480675924074
SRR25158447	3450.0192771184825	0.9713450652774442	7.211821455870982
SRR25158285	5318.914681846182	0.9713823284886779	7.584765793560879
SRR25158331	4265.557770780852	0.9713405551317088	7.420108700486097
SRR25158346	2091.6369724632605	0.971240450174636	6.3209630918842
SRR25158398	3699.0272872284554	0.971388533386158	7.206709886148233
SRR25158469	4292.098982758729	0.9713541716254719	7.311822294956092
SRR25158216	5621.124269910076	0.9713630210537764	7.471290597330047
SRR25158395	3603.683316778367	0.9713652456125028	7.180946590209004
SRR25158254	4357.407329180801	0.9713233981479488	7.385741461897647
SRR25158465	4872.470913824453	0.9713671111212043	7.417941056719657
SRR25158411	3250.7495148132043	0.971366046640475	7.199380952782667
SRR25158271	2457.6763225456425	0.9712950502663348	6.74150491509665
SRR25158268	2794.2935399256166	0.9713686719458725	6.611183342999523
SRR25158185	3007.8605044821597	0.9713828034726083	7.104025250946638
SRR25158184	3777.9802842332983	0.9713743912728107	7.240494926916549
SRR25158435	2955.130140661526	0.9713641199786138	7.1163921390112215
SRR25158289	3042.7410684620354	0.9713357613786118	6.814695639167279
SRR25158533	3215.8994046720886	0.9713797527129825	6.777820132128851
SRR25158246	3868.5892946987137	0.9713152997889457	7.320042075514011
SRR25158345	4449.098858080331	0.971370048594259	7.4445451407241325
SRR25158359	2187.6776942253805	0.9713453528325928	6.61810137402639
SRR25158504	4199.211744376496	0.9713484870541391	7.3010200075824585
SRR25158438	2431.676475732885	0.9712051151839397	6.590096597351986
SRR25158479	4862.036935114277	0.9713733951843498	7.399909117443828
SRR25158439	3111.510850524357	0.9713291232669501	6.831960250030643
SRR25158475	4436.455109680054	0.9713819336856051	7.279264729840563
SRR25158437	2636.301701280157	0.9713424811886965	6.684198667805148
SRR25158248	4407.544734353831	0.9712797003376203	7.343017744907419
SRR25158215	5243.3728415321175	0.9713627131641275	7.407553192002883
SRR25158400	5186.747162735787	0.971401983370906	7.324690038252447
SRR25158343	1908.042146126536	0.9713427751037844	6.481292292220506
SRR25158211	5824.930670338996	0.9713629561443445	7.525855018781168
SRR25158244	3264.0078445946183	0.971356656161712	7.018673051980147
SRR25158280	5231.342107152907	0.971368083818667	7.369012943107232
SRR25158425	4059.755671133488	0.971320542712023	7.181163326718071
SRR25158354	2062.6203022669238	0.9713037141054577	6.5971284730714155
SRR25158323	3969.4441042924673	0.971351294201674	7.323658983307811
SRR25158292	2005.823064083806	0.9713130470255491	6.272616002297322
SRR25158178	3951.553715876681	0.9713725522012402	7.297129744691462
SRR25158500	5542.554093246873	0.9713698052933376	7.55180860586654
SRR25158339	3334.639561445695	0.9713342989799323	6.915241105378027
SRR25158436	3521.4759650291453	0.9713719430048879	7.187410377261732
SRR25158434	4290.0151610018665	0.9713695606453996	7.338509723245344
SRR25158522	4007.2478289337173	0.9713581473060557	7.304750860432097
SRR25158446	3840.757573694977	0.97136783276027	7.360839445904479
SRR25158332	3899.269636694336	0.9713440599822144	7.27216099329222
SRR25158490	5650.695049093147	0.971366593532096	7.584377199365898
SRR25158276	5404.867719645095	0.9713272066155002	7.458982948339165
SRR25158335	4214.370533866523	0.9713596783160645	7.323596637245444
SRR25158299	1225.419270465755	0.9712635900624375	5.963227595019215
SRR25158296	2446.0453158731516	0.9713524544204728	6.579737132419858
SRR25158486	3487.5659121974713	0.9713833464471093	7.146487721038243
SRR25158480	3702.4090411802326	0.9714015068872734	7.213961620011612
SRR25158314	3596.1303104878434	0.9713123904681038	7.145692802182818
SRR25158463	3209.46393466579	0.9713597330906145	7.016238802945929
SRR25158363	6293.787092991363	0.9713756338782241	7.682483000657976
SRR25158227	4573.505380633299	0.971318260039793	7.362537312544332
SRR25158258	4011.7103797225604	0.9713102339653159	7.178957136663952
SRR25158279	5744.5502728156325	0.9713355202435244	7.555433506250446
SRR25158257	3898.0315768711926	0.9712836572658271	7.262907106819521
SRR25158348	3122.648407329322	0.9713608547985481	6.692569463200381
SRR25158225	5390.533322702407	0.9712895758219351	7.422219973297141
SRR25158264	2745.974601880867	0.9713646024570277	6.629425418173754
SRR25158426	3560.946818436124	0.9713746687059683	6.872955043275092
SRR25158204	2076.734184894833	0.971335367785295	6.65142291287238
SRR25158179	3869.276661185977	0.971385503104919	7.095318948178999
SRR25158482	3824.0102075050295	0.9713898407649626	7.228052892487139
SRR25158356	4626.4406355793335	0.9713994101381229	7.412703945485685
SRR25158351	2454.0366973256773	0.9713422937843471	6.6654374638606315
SRR25158199	3927.2740512091077	0.9713594546050549	7.296486464848073
SRR25158311	2507.9710921086694	0.9713465600445927	6.6667924317630005
SRR25158361	6048.785398827507	0.9713785060038674	7.578704581503414
SRR25158503	5225.465773117326	0.9713765751882112	7.50649083970104
SRR25158206	4423.277143137796	0.9713684003310084	7.28825434322571
SRR25158416	4110.105958503967	0.9713689628649388	7.155285853405546
SRR25158297	2694.9162435134076	0.9713031879295412	6.742128885728042
SRR25158294	2688.05646633241	0.9713786946267401	6.459386850400059
SRR25158293	2381.444187865434	0.9712930363784887	6.415011283413412
SRR25158270	2624.836040189306	0.9713495052256764	6.669466130440147
SRR25158310	2331.9861452005953	0.9712861982038671	6.536774644308575
SRR25158419	4687.831958310022	0.9713419489520827	7.303315066897856
SRR25158459	3409.3638460002617	0.9713797176961337	6.927452427018558
SRR25158499	2800.0048280827687	0.9712673916880648	6.898899735396794
SRR25158423	3847.8804160351656	0.9713288044321117	7.091301386821594
SRR25158233	2629.4039058736107	0.9712821378922598	7.128460605031475
SRR25158432	3812.419563592822	0.971337975037285	7.136740964933256
SRR25158177	4062.739493674316	0.9713470747027019	7.254054140593632
SRR25158374	3598.8061448443746	0.9713689674350086	7.204819671112883
SRR25158222	6445.87513072966	0.9713920655292093	7.65998818824937
SRR25158200	3168.234255766812	0.9713565620555494	6.908837526082567
SRR25158405	4634.0192358217655	0.9713736518218739	7.390596568540231
SRR25158313	2516.049574402443	0.9713478595916456	6.603716040485527
SRR25158301	4319.3168788254125	0.9712674628326662	7.385603497910191
SRR25158498	3299.674080585266	0.9713791879221878	7.0943387805932
SRR25158300	3114.3898532423214	0.9713532830764472	6.815731967664686
SRR25158412	2675.54279610985	0.9713544026361745	6.564929775785274
SRR25158464	3708.18526926593	0.9713598984537427	7.123385202361625
SRR25158508	3123.442979821317	0.9713592157976734	7.013099366212086
SRR25158466	3163.9480768969684	0.9713913909829213	7.041169597374438
SRR25158387	5229.450473540272	0.971399820881505	7.450408250840602
SRR25158368	3442.1458482772964	0.971380866103839	6.7107232439399045
SRR25158369	4147.724629329765	0.9713765198059557	7.3629400270381
SRR25158207	5648.071915100349	0.9713542727493888	7.533742997331654
SRR25158213	5560.017100942088	0.9713695900402072	7.513071387572924
SRR25158303	3886.1533477395424	0.9713815418432954	7.275103000274502
SRR25158520	5524.528400996116	0.9713803032130833	7.597160487901933
SRR25158322	3656.059617974136	0.9713582291568195	7.210939230165068
SRR25158273	4444.352758421383	0.9713408011885316	7.461347070897664
SRR25158526	4981.127343591027	0.9713830364815017	7.3109313541900205
SRR25158260	4086.8247434514133	0.9712941490404032	7.320435723737275
SRR25158399	3739.2735663332696	0.971381594882983	7.194248654504838
SRR25158510	3929.322314945067	0.9713692004531829	7.241718744742993
SRR25158407	4443.806910891608	0.9713606573756769	7.407538392683286
SRR25158194	3188.6396744079225	0.9713555471684515	7.094272158611309
SRR25158247	4617.301619627764	0.9713029496217731	7.513084743964026
SRR25158338	4516.019031894252	0.9713488928169689	7.312006586986414
SRR25158404	5198.349979811795	0.9713905978360879	7.539923895553605
SRR25158487	3538.302949553171	0.9713730908747824	7.2033569255935355
SRR25158476	4142.800307235244	0.971368968293718	7.25392768946005
SRR25158449	3677.17413487293	0.9713516090698244	7.244706184826218
SRR25158382	4922.410183172659	0.9713830126598589	7.4565124438492605
SRR25158347	2978.348078004255	0.9713830222857571	6.712544597207156
SRR25158367	4562.181466900545	0.9713574003071089	7.394204354970644
SRR25158208	6108.745382360478	0.9713505663119126	7.569264838769561
SRR25158481	4757.407005775184	0.9713721923819737	7.432463752579614
SRR25158176	2856.418785754039	0.9713649226513998	6.924121088875624
SRR25158534	5145.5424832530225	0.9713784306282723	7.493604759381167
SRR25158243	4815.0924862960055	0.971369978062264	7.442132345091235
SRR25158195	3601.6736273757783	0.971351688903611	7.241849376178201
SRR25158507	3465.895121362541	0.9713493977465355	7.125019056946031
SRR25158263	2277.2487763534255	0.9713848780451935	6.815525150491638
SRR25158495	3661.4065269615385	0.9713785113834259	7.191035456808835
SRR25158312	2035.4501576360635	0.9712196295654238	6.031133836831498
SRR25158340	2584.2954416451134	0.9713415119116418	6.572946990854697
SRR25158430	3823.984286959807	0.9713647448253343	7.284478460546444
SRR25158511	4183.528584189159	0.9713773209640405	7.306685688727292
SRR25158413	4443.731033992833	0.971376826108417	7.166834740828331
SRR25158245	4384.521780940809	0.9713820627540793	7.295802732268228
SRR25158383	4556.299816065426	0.9713887700003556	7.387360842393027
SRR25158429	3993.88362416756	0.9713870647707612	7.10416978080481
SRR25158491	4326.427383115365	0.971358557232733	7.357117463085836
SRR25158415	4461.012542505575	0.9713376451414678	7.282564197268163
SRR25158454	3483.6673557471745	0.9713683820169233	7.109147063129875
SRR25158229	4369.809332600758	0.9712883309446876	7.268720799692389
SRR25158518	5155.552930014038	0.9713713077214294	7.415154183127815
SRR25158378	3840.9376424762995	0.9713433095546173	7.227258963004489
SRR25158308	3576.694521911168	0.971331226969048	7.009713327630554
SRR25158396	3324.5259774946417	0.9713399854446146	7.108722454279099
SRR25158281	6409.497600198895	0.9713464108509681	7.737185052145448
SRR25158366	5238.185083067065	0.9713656603533777	7.4324314131505425
SRR25158355	2416.583163137463	0.9713514918036429	6.606069609235064
SRR25158409	4374.151833007447	0.971363545440784	7.262081633993265
SRR25158497	3981.1043440287667	0.9713755870943958	7.290420949919522
SRR25158506	5064.031657295337	0.9713572970279942	7.471375844666805
SRR25158451	4106.511502113734	0.9713532467924978	7.253432414882056
SRR25158306	4383.9565302354495	0.9713882329238496	7.272849921391695
SRR25158530	4549.362832883672	0.971384762994399	7.3173324280513565
SRR25158180	4534.230357259876	0.9713853174859931	7.398566932336379
SRR25158196	5051.06732794921	0.9713706886700335	7.500326109264008
SRR25158501	3596.469189815197	0.9713568134788579	7.208871740687157
SRR25158341	2316.2649846328386	0.9713068617738733	6.585190896602602
SRR25158515	3499.404056302507	0.9713433092061227	7.104279903712471
SRR25158317	3261.525489898723	0.9713648139658431	7.094283635022388
SRR25158319	5136.2945954709785	0.9713408577380174	7.600261700972638
SRR25158421	4268.716348267568	0.9713620411246222	7.114024381269508
SRR25158283	5419.76163235899	0.9713816487219317	7.606366527488444
SRR25158253	4966.843271547431	0.9713510189156617	7.534773624268204
SRR25158516	4854.930233342209	0.9713772348295925	7.364278768371256
SRR25158275	5272.428856833915	0.9713550528648466	7.369798482267574
SRR25158337	2155.7204234034994	0.971266626237283	6.482957824169568
SRR25158305	3077.568421273199	0.9713298159884163	6.734259735952315
SRR25158349	3009.6399961478915	0.9712821467452176	6.769419631134501
SRR25158445	3453.786768479247	0.971400163476262	7.224731137739212
SRR25158532	5395.7246786113965	0.9713908353256188	7.5534251622054756
SRR25158417	4782.76395114762	0.9713756888421216	7.269068339740515
SRR25158192	3349.9373395337466	0.9713954152392259	7.1480574744480165
SRR25158224	5651.389735448865	0.9713713331524053	7.527387163393659
SRR25158478	3572.4364037897863	0.9713804090271088	7.080793651391245
SRR25158514	2914.9582622419525	0.9713390764736274	7.060550373153727
SRR25158473	4122.8559116037	0.9713674011196894	7.244124040256466
SRR25158502	3666.147284979127	0.9713765570423191	7.132697648651468
SRR25158269	2020.130806111969	0.971324653947763	6.357922099289309
SRR25158288	5192.888808225166	0.97136896300472	7.578785386073137
SRR25158189	3766.2021709135734	0.9713752874720126	7.273156224387695
SRR25158492	3693.879441989091	0.9713628899498767	7.091022922272972
SRR25158357	1911.6355540082611	0.9711047195896556	6.1199272991413896
SRR25158379	2795.3895566813044	0.9713673667282996	6.927250720555672
SRR25158193	3308.761413316756	0.9713770879000659	7.109610017710572
SRR25158342	2974.210214235347	0.9713331424729673	6.7082389398801725
SRR25158214	5037.140884699477	0.971359623100023	7.400781424878963
SRR25158494	3953.242250056024	0.971388324228625	6.643405249003038
SRR25158302	3981.2907172121954	0.971372242405287	7.171915132239578
SRR25158223	5669.456125574241	0.9713775263407858	7.499061191972442
SRR25158352	2682.4096727749416	0.9713449882295976	6.780149801890179
SRR25158410	3448.7293931027234	0.9713792848880426	7.083941064989686
SRR25158524	3666.9555673909913	0.9713652653748753	7.259101598599342
SRR25158390	3054.7999724393667	0.9713747234679135	6.89914368417735
SRR25158513	2347.87190318264	0.9713846665217862	6.526983287906633
SRR25158267	2653.733538558921	0.9712508774779858	6.6923896371109
SRR25158528	4553.783016229403	0.9713866364217678	7.344990197068933
SRR25158230	5449.014780784421	0.9713231430786496	7.47976733406729
SRR25158236	5494.084188313428	0.9712989259818136	7.546545576646177
SRR25158344	2798.4933711868784	0.9713286877204154	6.615400352274909
SRR25158278	4902.582433926373	0.971332230911216	7.356486407040775
SRR25158360	1789.858245560899	0.97137261379319	6.31829157982161
SRR25158453	3584.8587219367405	0.9713792187414136	7.173163291335365
SRR25158370	4454.733285352935	0.9713826066048421	7.223305959148951
SRR25158228	4649.07192435354	0.9713844626701857	7.339792576059499
SRR25158188	3038.7047232790287	0.9713715320387729	7.05094244607071
SRR25158201	3611.267751507808	0.9713759077355038	7.110453421478814
SRR25158403	2855.826583714918	0.9713427594318464	6.894248205938976
SRR25158315	4017.8912399014625	0.9713064389707513	7.351338032927585
SRR25158325	3943.6224907336573	0.9713628001054201	7.399132902702316
SRR25158418	4977.853202818483	0.9713602573810405	7.318860483167318
SRR25158358	2089.1997551680197	0.971376425026886	6.43986566534714
SRR25158375	4603.900946184211	0.9713822936972162	7.381427174710989
SRR25158334	4206.444388378491	0.9713363169973922	7.310427623299482
SRR25158212	6764.06301768382	0.9713737958522453	7.816122052455469
SRR25158462	3343.1556776202615	0.9713714947720141	7.148792804734954
SRR25158377	2821.9223481437343	0.971387734425973	6.490106083917466
SRR25158505	5429.8802726455215	0.9713660761431999	7.509145340076159
SRR25158287	5826.324620544699	0.9713529788962976	7.6258777616678
SRR25158284	4336.2492395181725	0.9713568764865421	7.327567196849012
SRR25158234	5820.805146189536	0.9713709252941177	7.468136069832728
SRR25158488	4806.101524109104	0.9713591807199223	7.376627323733007
SRR25158406	4642.646481293607	0.9713656839435119	7.356833145563473
SRR25158272	3026.1756686035687	0.9713514118506602	7.075431733034768
SRR25158318	3685.2270971329053	0.9713455023310735	7.260724887957243
SRR25158525	4837.4405419928535	0.9713754792864747	7.460534801721719
SRR25158537	3785.777901376695	0.9713234715756914	7.295816419924181
SRR25158175	3620.5621341747838	0.9713513727514403	7.2518422237974445
SRR25158521	4227.669293906819	0.97137153848797	7.296753446903716
SRR25158298	842.5388860470595	0.9711442122403785	5.944511944089967
SRR25158321	4269.744052843846	0.9713540918721005	7.385026362951696
SRR25158324	3961.5833742666855	0.9713791821193191	7.260025021027581
SRR25158456	3855.4995611016197	0.9713816856092227	7.368752796300337
SRR25158483	4644.12930020445	0.971375320241675	7.381748747480432
SRR25158414	4938.8037609305775	0.9713864395088192	7.429780565068099
SRR25158240	3990.8030247778524	0.9713701735009288	7.226282919234432
SRR25158427	4481.960250296901	0.9713630539811261	7.304448019885437
SRR25158496	5113.332533878939	0.9713837962022632	7.484698181617154
SRR25158457	3952.5405227026154	0.9713275922930245	7.2719978231693005
SRR25158535	3455.8444184970735	0.9713768254781734	7.176542539262657
SRR25158391	4096.143169257459	0.9713584559646022	7.2840703780886935
SRR25158460	4408.068610017417	0.9713725558874058	7.351195276804674
SRR25158442	4137.095586250001	0.9713234649006292	7.3096222111052
SRR25158385	2394.7829432948065	0.9713484742235496	6.866215176366491
SRR25158259	3934.593982694683	0.9713198409232052	7.2721720145020425
SRR25158238	5969.147137490518	0.971355591123672	7.496533163914333
SRR25158509	3212.7219807386505	0.9713654378069859	7.054531009239834
SRR25158527	4567.184331976215	0.9713639386784192	7.375865095523178
SRR25158309	2015.8765834590952	0.9712726811847113	6.36808744680287
SRR25158231	3834.538240811135	0.9712718293907103	7.211925656050175
SRR25158443	4637.930919666782	0.9713688498649178	7.431949166162747
SRR25158326	4810.992507218662	0.9713476262301541	7.4402854661131546
SRR25158431	3614.8983673163625	0.9713492198345068	7.169896630486287
SRR25158373	4201.306963437434	0.9713812724030629	7.222324379840477
SRR25158197	2760.37815042071	0.9713866650537655	7.016734814253417
SRR25158461	3271.9848072211535	0.9713031283698013	7.096430360431437
SRR25158181	3709.2443663125473	0.9713781665917627	6.974116446087194
SRR25158441	2158.243247590433	0.9712924718011192	6.598479679322558
SRR25158440	4484.670265994392	0.9713685404593962	7.377084001471901
SRR25158232	5609.194973656977	0.9712686400878903	7.450545696419177
SRR25158433	3847.6433475692515	0.9713650194990913	7.288884010577875
SRR25158241	2926.5315556467126	0.971375646158187	6.819975942053841
SRR25158217	2593.314553385675	0.9713592963036916	6.791921184536489
10_350	4292.338707157836	0.9713680274216911	7.294696857473935
CPSNJ20_350	4488.934755224407	0.9713723929660159	7.543204158622806
SNJ13_350	5498.521932308692	0.9713217644606191	7.634120684858822
25_350	5320.83016986808	0.9713850663114999	7.554666433943241
CPSNJ14_350	4641.062832822506	0.9712959029272757	7.571934404198641
19_350	4799.050559706184	0.9713769198034579	7.528927606226136
28_350	6036.047496265848	0.9713817253118536	7.6754070044633185
4_350	4175.652160350458	0.9713109330412002	7.4184501581278095
SNJ08_350	5151.663447320782	0.9713605222868446	7.608009143248637
15_350	5605.248342285215	0.9713689023226564	7.5218595909577
1_350	4159.337501183751	0.9713486958408271	7.43164865756085
14_350	6367.125359956131	0.9713750121516368	7.687505519121187
CPSNJ09_350	3372.492190346519	0.9713010877808328	7.242590652811198
CPSNJ08_350	6044.157190286481	0.9713765630908462	7.731424399559183
CPSNJ02_350	5222.964707935595	0.9713877203581142	7.683358056642445
22_350	5251.406506986464	0.9713782538712211	7.5329965229128675
CPSNJ19_350	4010.306503858881	0.9713572092342969	7.428859197763933
11_350	5836.517575932287	0.9713794129077472	7.690380848091097
CPSNJ15_350	5241.989509356622	0.9713455763044206	7.736034783449315
5_350	4050.7780223476275	0.9713572631913858	7.332830428173479
CPSNJ13_350	3804.848108083377	0.9712917974553148	7.389671939561952
3_350	4114.3119854189	0.971327394860305	7.402735037144266
CPSNJ16_350	3901.63138916391	0.9713440012117512	7.389801927240083
7_350	4350.416086180094	0.9713728050959534	7.371778136324118
CPSNJ01_350	4600.7029167081055	0.9713751915258596	7.58892147896656
SNJ16_350	6485.587836681586	0.9713392987272184	7.830050096097348
CPSNJ03_350	4041.845217039373	0.9713396690838769	7.423456247541542
29_350	5220.315369163969	0.9713717251492855	7.6283791676657104
6_350	6186.684993403818	0.971372378942675	7.709522971609276
CPSNJ11_350	3741.8984950364274	0.9713387206328631	7.363220002091192
SNJ19_350	4903.631453728155	0.9713626595443657	7.52402502603627
CPSNJ10_350	4917.641903623314	0.971331384701834	7.588526327817535
23_350	5302.392341819375	0.971364033620188	7.637272701249042
SNJ14_350	5226.291587827412	0.9713361613300125	7.601370249756433
SNJ15_350	5542.072088525281	0.9713290873682948	7.693118185007823
13_350	4270.553051324592	0.9713844411536753	7.384293603943328
SNJ02_350	6030.284842806867	0.9713776282388323	7.690641614225224
24_350	6623.838105938176	0.9712790956584224	7.836274541422074
SNJ20_350	6782.3736534230375	0.9713704583445892	7.870127521851487
SNJ01_350	6253.765371923892	0.9713680216498944	7.7928932792792125
21_350	6013.29411441134	0.9713803599088782	7.656187539370027
12_350	4551.470976796919	0.9713695946254381	7.577652149493968
27_350	6463.779035495657	0.9713706710115868	7.777575375010348
20_350	5148.823371024249	0.9712395356085695	7.564416468448493
30_350	4734.137608840349	0.9713798752951684	7.656584899631605
SNJ10_350	5740.148712714829	0.9713275791242885	7.689695304339292
SNJ09_350	4899.927311117212	0.9713382128753112	7.490017833148431
8_350	4806.844858397924	0.9713482718028467	7.445776575068903
9_350	5558.090645390509	0.9713834303670805	7.6405998410698786
SNJ04_350	5889.713598613303	0.9713657362331488	7.786089190863528
18_350	4559.069974417414	0.97136454688296	7.3308626134126955
SNJ03_350	5662.624529780663	0.9713649615638933	7.642769691112946
2_350	4511.624712882374	0.9713130975303969	7.468406823222912
CPSNJ04_350	4945.559837707969	0.9713542716368054	7.6184592624663745
16_350	5454.4346682478235	0.9713518125632592	7.501987640511359
SNJ11_350	5015.684396007032	0.9713443369271263	7.546212507268937
26_350	5382.866486011247	0.9713781193121003	7.58151825804092
17_350	5476.257575735388	0.9713838689777202	7.467957764250261
D010_350	1046.628579214223	0.9711682513934164	3.3949068169002348
D038_350	1204.2325803220187	0.9711975593257602	4.078645054066307
D039_350	1038.4006351999044	0.9711898687501167	3.2311870549297987
D021_350	1195.060318650751	0.9711367975481865	3.6085274321085046
D047_350	970.2512085868187	0.9710615786098519	2.4367109052211706
D019_350	1102.3771465026357	0.9711370985770583	3.4889471319144394
D001_350	1567.5871261450513	0.9711568741959891	3.287633190101922
D023_350	1422.9275855498047	0.9711714793735606	3.360703815400752
D015_350	1099.5458090711911	0.9710644292858778	3.6797435377513468
D007_350	1785.626878660267	0.9711256120576038	3.08086862632369
D029_350	1480.3321781358013	0.9709857190867853	3.890173413637035
D012_350	1116.3065490333906	0.9711430801130387	3.3176781310826406
D026_350	1192.8502533845904	0.9710157782738096	3.773437905011794
D042_350	1168.2390842359537	0.9711054392316304	2.6267364461549625
D016_350	1215.0977444709515	0.9712089427800866	3.3552086624137902
D014_350	755.817425319477	0.9709863280941471	2.3928615359680414
D008_350	1990.7616573413825	0.9710738703588315	3.1532234176710383
D049_350	941.223802632874	0.9710929911993605	3.119180529170931
D024_350	341.34558349993165	0.970665172415885	0.5390892903513251
D022_350	1448.8024144149144	0.9710705037024698	3.08373388672171
D004_350	2485.8690926392323	0.9712207819600757	3.8428718557269423
D033_350	1015.2136396059987	0.9709383344005683	2.394293797991781
D045_350	977.7145802220375	0.9710611955160675	2.67018729913926
D011_350	1025.3021039027592	0.971205083664253	3.2027626599867993
D000_350	1751.5421422822008	0.9711136033870016	3.1483185785108785
D050_350	1375.7192685164273	0.9706376915833457	2.596048848596012
D046_350	1101.1350610343236	0.9710863128864143	2.7303775638029433
D020_350	1054.368485869544	0.9711568497300179	3.3338787647676327
D035_350	1186.7669684534856	0.97100288404599	3.2804719933940887
D041_350	1425.288447338752	0.9711345894950216	3.130144714929024
D025_350	1725.4398456806412	0.9710238820070841	3.0781007506155067
D017_350	831.3805970940211	0.9710882005308694	2.265874399403031
D031_350	1202.1078109758346	0.971012392535984	3.131318307502367
D028_350	831.4300958939857	0.9712108419044787	3.025921152211232
D003_350	2646.259106953413	0.971223602944395	3.784932763476556
D006_350	1485.84090117608	0.9710397438903083	3.3010501801380703
D005_350	2624.6647758428903	0.9711655912493103	3.736200756284508
D027_350	1552.3511652262168	0.9710836623815661	3.8025397196340553
D018_350	1394.1235130763137	0.9710096810316755	2.9612151725244944
D002_350	921.7562851566056	0.9712405187462811	2.0933699497667013
D052_350	748.8204493797273	0.9710936997974793	1.9903959190922815
D034_350	1110.747060515858	0.9711706865797919	3.3131633103573312
D040_350	1192.2528699200204	0.971156639769219	3.353803686723761
D051_350	1218.4421507299278	0.9710262052719857	2.9620125840827174
D030_350	1536.8757015048445	0.9710873604771253	3.533243836378975
D013_350	1116.7131230947898	0.9711006825241004	2.9188537894063384
D043_350	1815.9132624908727	0.9712158772743369	3.149683241005596
D044_350	1419.7134747558696	0.9712015669898941	3.251397101789235
D032_350	753.2969152405165	0.9711047380641684	2.6119351709312104
D036_350	1097.0765593509075	0.9711462514463314	3.5100750852683005
D037_350	1068.7431135397817	0.9704852528111814	2.5350959208319694
D048_350	1093.8879063757076	0.970964275418666	2.7040447840303714
